epsiode_num,script,characters
1,"A long time ago, a powerful demon fox appeared with nine tails.
 With its powerful tails,
 it could smash mountains and create tidal waves.
 A band of Ninjas rose to defend their village from attack.
 We have to wait until the Fourth Hokage gets here!
 We can't let it get any closer to our village!
 One great Ninja was able to imprison the monster,
 but died in the process.
 This Ninja was known as… the Fourth Hokage.
 Naruto!
 Why did you do such a thing?!
 You're really gonna get it this time!
 I don't care!
 You know your problem?
 You can't do the things I do!
 Only I can do this!
 I'm better than all of you! Believe it!
 There's a problem, sir!
 Lord Hokage!
 What is it?
 Did that Naruto do something again?
 Yes. He climbed onto the Mountainside Images…
 And he vandalized and graffitied all over them!
 Wait!
 Ha ha…
 Why should I?
 Hey, Naruto!
 How did you suddenly get here, lruka Sensei?
 The question is what are you doing here when you should be in class now?
 Now listen, Naruto.
 You failed the last graduation test and the one before that.
 This is no time to be goofing off, you fool!
 We will have a re-test on the Transformation Jutsu!
 Even those who already passed will take it!
 Whaaaat?!
 Sakura Haruno. Here I go…
 Transform!
 OK!
 I did it!
 Cha!
 Did you see that, Sasuke?
 Next, Sasuke Uchiha.
 Yes.
 O-OK.
 Next, Naruto Uzumaki.
 This is a real pain.
 And it's all your fault.
 Like I care!!
 OK…
 Good luck, Naruto…
 Transform!
 How was it?
 I call it the ""Sexy Jutsu""!
 You fool! Stop making idiotic spells!
 Darn…
 Darn…
 I won't let you go home unless you clean that all up.
 I don't care…
 There's nobody home anyway.
 Naruto...
 What is it this time?
 What I meant was…
 If you clean up all that mess, I'll buy you ramen tonight.
 Huh?!
 Yes! I-I will finish it no time!
 Enter: Naruto Uzumaki!
 Naruto.
 Why did you vandalize those faces?
 Don't you know who the Hokage leaders are?
 Of course, I do!
 I know they earned the title Lord Hokage
 because they were the best Ninja of their time, right?
 Especially the Fourth Hokage was a hero
 who saved the village from the nine-tail demon fox.
 Then why did you do that?
 Because I'll become a Hokage myself.
 And I'll be the greatest Hokage of all time!
 So that everyone will finally learn to accept me!
 By the way, Sensei, I have a favor to ask.
 You want another bowl?
 Mmmm…No…
 Can I borrow that Leaf headband for a while?
 This?
 No no!
 This is worn only by those who have graduated from Ninja Academy.
 Tomorrow, you will…
 You're so mean!
 So that's why you took off your goggles…
 Humph... One more bowl please!
 We are now about to begin the graduation test.
 When your name is called, proceed to the next classroom.
 The test is on the Clone Jutsu.
 Oh no…
 Of all the…! That is my weakest Jutsu!
 But still… I will do it no matter what!
 Clone Jutsu!
 Disqualified!
 Iruka Sensei.
 His physical coordination and stamina are excellent.
 And he managed to come up with something.
 Isn't that enough for him to pass?
 Mizuki Sensei... All the others created three or more clones.
 Naruto created just one.
 And it's practically useless. I can't give him a passing mark.
 I 'm a Ninja now!
 You did well. That's my son.
 Congratulations for your graduation.
 I'll cook something good tonight!
 Look at that one.
 It's that boy. I hear he's the only one who failed.
 Serves him right.
 Imagine what would happen if he became a Ninja.
 Isn't that the boy who is actually…
 Hey! We're not supposed to talk about that.
 Iruka. We need to talk later.
 Yes, sir.
 Iruka Sensei isn't trying to be mean to you.
 Then why only me?
 He wants you to become strong from the bottom of his heart.
 You both don't have parents.
 But I really wanted to graduate.
 Heh... I guess I have no choice…
 I'll let you in on a big secret.
 Secret?
 Iruka.
 What is it, Lord Hokage?
 I know how you feel. But…
 Naruto also grew up without knowing the love of his parents…like you.
 Let me go!
 My mom and dad are still out there fighting!
 Wake up, Iruka Sensei!
 What's the matter?
 Come to Lord Hokage's immediately!
 I heard that Naruto… stole the Scroll of Sealing.
 The Scroll of Sealing?!
 Let's see…
 The first Jutsu is… Multi-Shadow Clone Jutsu?
 What?! Already a Jutsu I'm no good at?
 Lord Hokage! We can't forgive him!
 This is not just a prank!
 The Scroll is a dangerous item that the First Hokage sealed!
 Depending on its use…
 It will be a major disaster if it is taken out of the village!
 Yes. Bring Naruto here at once!
 Yes, sir!
 Where did you go…Naruto?
 I will tell everyone in the village about this and eliminate Naruto…
 Then the Scroll of Sealing will be mine!
 Hey you, Naruto!
 You found me..
 And I've only learned one Jutsu.
 He's been practicing the Jutsu…
 until he's become this exhausted and dirty…?
 Listen, listen! I'm gonna show you this amazing Jutsu!
 You're gonna let me graduate if I can do it!
 Isn't it true that I can graduate if I can do one of the Jutsu written here?
 Who told you that?
 Mizuki Sensei. He told me about this scroll, and this place…
 Mizuki did?!
 I'm impressed you found this place.
 I see now…how it is.
 Naruto, give me that scroll.
 Wait, wait… What's going on here?
 Naruto! Never give him that scroll!
 It is a dangerous object that contains forbidden Ninja Jutsu. It was sealed.
 Mizuki used you in order to get it for himself!
 W-Wha--?
 Naruto, Iruka is only afraid of you holding that scroll!
 Huh?
 What are you saying, Mizuki! Don't let him fool you, Naruto!
 I will tell you the truth.
 Idiot! Don't do that!
 After an incident 12 years ago, a rule was created.
 A rule?
 That is, Naruto, a rule everybody but you knows.
 Except me?! 					What is it?
 Stop it, Mizuki!
 The rule forbids anyone from revealing that you are actually the Demon Fox Spirit!
 Huh?
 You are actually the Demon, Nine-Tailed Fox Spirit,
 who killed Iruka's parents and destroyed our village!
 Stop it!
 Everyone has been deceiving you ever since.
 Didn't you find it strange?
 Why everyone hated you so much?
 No! No! No! No! No!
 Naruto…
 Nobody accepts you. That's why Iruka hates you so much!
 Iruka... Naruto grew up without the love of parents.
 Everyone avoids him like the plague after what happened.
 That's why he keeps misbehaving.
 It's the only way for him to get any attention or acknowledgement.
 He pretends to be tough, but inside he is really hurting.
 Die, Naruto!
 Naruto! 					Get down!
 Why…?
 Because you and I are the same.
 After my parents died,
 nobody paid attention to me or gave me any support.
 I wasn't a good student in school.
 I was the class clown… because I wanted people to notice me.
 I couldn't get noticed through excellence, so I kept doing stupid things.
 It was so hard.
 Isn't that right, Naruto?
 You felt so lonely…right? And you suffered inside, right?
 I'm sorry, Naruto….
 If I had been more responsible, maybe you wouldn't have suffered so much.
 Don't make me laugh!
 Iruka has always hated you, ever since you killed his parents!
 He's just saying all that to get the Scroll of Sealing back!
 Naruto!
 Narutoooooo!
 He is not the type of kid who will change his mind.
 He will take revenge against our village using that scroll!
 Didn't you see his eyes? Those are the eyes of a Demon Fox.
 No… Naruto…isn't…like that at all!
 All I want is to kill Naruto and get the scroll.
 I'll take care of you later!
 I-I won't let you…
 Well, well.
 Mizuki has a big mouth!
 Naruto feels worse than he's ever felt.
 He might unleash the power locked up inside him.
 The Scroll of Sealing is now with him.
 There's a slight chance he might actually release
 the Nine-Tailed Fox Spirit sealed inside him!
 If that happens…
 I've found him!
 Naruto!
 Everything that Mizuki said was a lie!
 Give me that scroll, quick! Mizuki is after the scroll!
 It can't be…
 Why is it, Naruto?
 How…
 did you know I wasn't Iruka…?
 Because I'm Iruka.
 I see.
 What's in it for you to protect the one who killed your family?
 I'm not gonna let a stupid idiot like you get that scroll!
 You're the idiot. Naruto is the same as me.
 Same?
 Anyone can do whatever he wants once he has the scroll.
 There is no way that that monster…
 that Fox Spirit, won't take advantage of the power of that scroll!
 You're right…
 I guess it was true all along!
 See, Iruka Sensei never really cared for me at all!
 ...if he was the Demon Fox Spirit.
 But Naruto is different!
 I know that he is an exceptional student.
 He works very hard,
 and he's single-minded and clumsy at the same time.
 No one accepts him, but he knows the meaning of human suffering.
 He is not the Demon Fox Spirit.
 He's Naruto Uzumaki of the Village Hidden in the Leaves!
 You are so gullible. 					lruka!
 I was gonna take you down later, but I have changed my mind.
 Die!
 I guess this is the end for me…
 Naruto?!
 You surprised me there, freak.
 If you ever lay a hand on Iruka Sensei, I'll kill you!
 Shut up! I can take care of a kid like you with a single blow!
 Why don't you try then? I'll strike you back a thousand-fold!
 Let's see you try! Show me what you can do, Demon Fox!
 Shadow Clone Jutsu!
 Naruto! You've…
 Those aren't just images but actual clones! That's an advanced Ninjutsu!
 What's this…?
 What's the matter? 					C'mon!
 Weren't you gonna get me with one blow? Here!
 In that case… I'll come to you.
 I kinda got carried away. lruka Sensei, are you okay?
 Yeah.
 He's really something.
 Maybe it is true.
 Maybe he will surpass all the Hokage leaders…
 Naruto, come over here. I'd like to give you something.
 Has anyone found Naruto yet?
 No.
 Darn, this is going to be bad…
 There's no need to worry anymore.
 Lord Hokage!
 He'll be back soon.
 Sensei, how much longer?
 OK, you may open your eyes now.
 Congratulations…on your graduation.
 In celebration, we'll have ramen tonight!
 Iruka Sensei!
 That hurts!
 Naruto…
 I was going to lecture to you...
 that the road gets more difficult now that you're a Ninja.
 But I guess I'll just wait to tell you that until we get to the ramen stand…
 W-What do you want, you little shrimp? Quit following me!
 You're smaller than me and
 you're saying that you're gonna become the Fifth Hokage?
 I don't care if you are the 3rd Hokage's grandson or not.
 It's not that easy to be a Hokage!
 If you want it that bad, you're gonna have to beat me first!
 Next episode:  ""My Name Is Konohamaru!""
 Watch my outstanding performance!
","[set(), set(), set(), set(), set(), set(), set(), {'Naruto'}, set(), set(), set(), set(), set(), set(), set(), set(), set(), {'Hokage'}, set(), {'Naruto'}, set(), set(), set(), set(), {'Naruto'}, {'lruka'}, set(), {'Naruto'}, set(), set(), set(), set(), set(), {'Sakura'}, set(), set(), set(), set(), {'Sasuke'}, {'Sasuke'}, set(), {'Naruto'}, set(), set(), set(), {'Transform', 'Naruto'}, set(), set(), set(), set(), set(), set(), {'Naruto'}, set(), set(), set(), set(), {'Naruto'}, set(), set(), set(), set(), {'Hokage'}, set(), set(), set(), set(), set(), set(), set(), set(), set(), set(), set(), set(), set(), set(), set(), set(), set(), set(), set(), set(), set(), {'Iruka'}, set(), set(), set(), {'Mizuki'}, {'Naruto'}, set(), set(), set(), set(), set(), set(), set(), set(), set(), set(), set(), set(), set(), set(), set(), set(), set(), {'Iruka'}, set(), set(), set(), set(), set(), set(), set(), set(), {'Hokage'}, set(), {'Naruto'}, set(), set(), {'Iruka'}, set(), {'Hokage'}, {'Naruto'}, set(), set(), set(), set(), {'Hokage'}, set(), set(), {'the'}, set(), set(), {'Naruto'}, set(), {'Naruto'}, {'Naruto'}, {'Naruto'}, set(), set(), set(), set(), set(), set(), set(), {'Mizuki'}, {'Mizuki'}, set(), set(), {'Naruto'}, set(), {'Naruto'}, set(), set(), set(), {'Mizuki'}, set(), {'Iruka', 'Naruto'}, set(), {'Mizuki'}, {'Naruto'}, set(), set(), set(), set(), set(), {'Naruto'}, set(), set(), {'Mizuki'}, set(), set(), {'Iruka'}, set(), set(), set(), set(), set(), set(), set(), set(), set(), {'Naruto'}, {'Iruka'}, {'Naruto', 'Iruka'}, set(), set(), set(), set(), {'Naruto'}, {'Naruto'}, set(), set(), set(), set(), set(), set(), set(), set(), {'Naruto'}, set(), set(), {'Naruto'}, set(), set(), {'Iruka'}, set(), {'Naruto'}, set(), set(), set(), set(), {'a'}, {'Naruto'}, {'Naruto'}, set(), set(), {'Mizuki'}, {'Naruto'}, set(), set(), set(), set(), {'Naruto'}, {'Mizuki'}, set(), {'Mizuki'}, {'Naruto'}, {'Iruka'}, {'Iruka'}, set(), set(), set(), set(), {'Naruto'}, set(), set(), set(), set(), {'Iruka'}, set(), {'Naruto'}, set(), set(), set(), set(), {'Naruto'}, set(), set(), set(), set(), {'Naruto'}, set(), {'Iruka'}, set(), set(), set(), set(), set(), {'Demon'}, set(), {'Naruto'}, set(), set(), set(), set(), set(), set(), set(), set(), set(), {'lruka'}, set(), set(), set(), {'Naruto'}, set(), {'Naruto'}, set(), set(), {'Hokage'}, set(), {'Sensei'}, set(), set(), set(), {'Iruka'}, set(), {'Naruto'}, set(), set(), set(), set(), set(), set(), set(), set()]"
2,"C'mon!
 Running like a fugitive,
 Being chased by something
 Inside my heart is pounding
 My throat dry like it's withering
 For no single one,
 To none does belong,
 This time is ours, right now...
 Unraveling the pain,
 Unraveling our hearts,
 Unraveling shadows
 Stifling our breath,
 Reaching for beyond,
 Tearing through the dark
 In fighting and in love
 To the distant light above,
 Yes, we are on the way
 I wanna rock...
 Rockin' my heart
 Hey, you!
 Are you sure you want to look like that?
 Yes, of course! C'mon! So hurry hurry!
 Don't regret it later.
 Say cheese!
 My Name Is Konohamaru!
 I couldn't decide on how to look.
 It took me 3 hours to decide.
 But as you can see, it's more like a work of art.
 Doesn't it look great?
 Take it over.
 What?!
 Take it over.
 Stop saying that!
 Transform!
 Oh please, Lord Hokage…
 The Sexy Jutsu… That's quite a devious technique.
 By the way Naruto, where's your headband?
 I won't wear it until the orientation. lt might get scratched
 Well, that's just fine.
 But the Ninja Registration Form is a very important document
 held in high regard by our village.
 Why do you want to look like this?
 Because!
 Anyway, how should I know about all that stuff?
 Old man! Get ready to fight!
 I am going to be the Fifth Hokage!
 Ouch!
 If it's not one thing, it's another….
 Drat! Is this a trap?
 Are you okay, Honorable Grandson?
 May I just inform you that there aren't any traps here…
 Huh? What's with this runt?
 What?!
 I know this kid… He's that Nine-Tailed boy!
 He's a good-for-nothing scoundrel!
 You must have done this to me!
 You tripped all by yourself, stupid!
 Hey! Let go of him!
 He is the Honorable Grandson of the Third Hokage!
 He stopped as soon as he learned who I am….
 He's like my four-eyed teacher.
 He's just like everyone else!
 What's the matter?
 Weren't you gonna hit me, huh?
 Can't do it 'cuz I'm the Hokage's grandson, eh?
 As if I care! 					lmbecile!
 This guy…
 What?!
 Good grief…
 Listen to me.
 You are the Honorable Grandson of the Third Hokage.
 Even though that scoundrel hit you, you must not associate with his kind.
 Nothing good will come of your tangling with him.
 This is your distinguished teacher Ebisu,
 and I am never wrong about these things!
 Don't you want to become the Fifth Hokage?
 Then allow me to teach you Ninjutsu,
 so that your dream will become a reality.
 That's right.
 Stick with me and you will gain a shortcut towards becoming the Fifth Hokage.
 Is that clear, Honorable Grandson?
 He's gone!
 It seems he's gone after Naruto.
 Oh no!
 This is terrible!
 Honorable Grandson!
 How did he become like this?
 That was the 20th sneak attack today.
 And now he's in the company of Naruto. I'm a bit worried.
 I just hope he doesn't pick up more foolishness.
 Huh?
 Stop following me!
 What is it now?!
 Your camouflage is pathetic.
 You've seen through my disguise...
 Your reputation is well-earned.
 I will allow you to make me your apprentice.
 But you must first teach me that  ""Sexy Jutsu""  technique
 you used to beat Grandpa Hokage.
 You gotta be kidding.
 I beg you to say yes, boss!
 Huh?
 Boss?
 Boss! Boss! Boss!
 I guess I have no choice.
 Listen.
 In order to become a skilled Ninja,
 you must first learn to control your Chatora.
 Chatora?
 Yes, Chatora.
 Boss, I think you mean Chakra.
 Silence!
 That's what real Ninjas call it!
 Oh! I didn't know that!
 Whew… I'm glad he's a fool.
 Listen. Chakra essentially means…
 Basically, it is the energy needed in order to use Jutsu.
 Huh?
 In other words, fundamentally Ninja Arts combine the Chakra,
 the physical energy accumulated from each cell in the body
 with spiritual energy intensified through training and experience.
 This combined energy is summoned with certain hand signs.
 You made me think you knew all that,
 when you were just reading from a scroll!
 Much has been said about perfecting the Ninja techniques,
 but it really boils down to just one thing.
 And what is that?
 Hard work and guts.
 Hard work and guts?
 That's right.
 So be ready for the challenging tasks I will give you.
 Yes, boss!
 Good. Let's start right now. Transform for me.
 Huh?
 Let me see first how much you already know.
 But what do I transform into?
 OK... First, transform into that lady.
 An easy task, boss.
 Transform!
 Well, do I look like her?
 Uhm… Well, the clothes do and…
 And what's so similar about that?!
 Honorable Grandson.
 If you will transform into me, at least try to look a little cuter, OK?
 She's scary!
 Why am I the one who gets hit?
 OK! Next, we'll do some research on sexiness!
 Yes, boss!
 I told you I don't allow reading here, Naruto!
 This is the last test. Put all of your effort into it!
 Yes, boss!
 Transform!
 Naruto! It's you again!
 Why is it always me…?
 Sorry.
 Huh?
 It's because I'm the Hokage's grandson.
 Don't worry about it.
 Huh?
 You're now ready to perform the Sexy Jutsu!
 You just need more practice.
 Yes, boss!
 OK, keep in mind… the point is for ""boom boom boom""!
 Now do it!
 Yes, boss! 					Transform!
 What do you think?
 That won't do!
 More slender.
 Yes, boss!
 Is this okay?
 Not yet. 					More attractive.
 Yes, boss!
 How about now?
 That Naruto… What is he teaching the Honorable Grandson…?
 Where the hell could they be…?
 I am a distinguished teacher training potential Hokage.
 All those who interfere will be eliminated.
 You know I've been wondering…
 You seem obsessed with beating your Grandpa Hokage.
 My name is Konohamaru.
 It was Grandpa who gave me that name.
 He named me after our village.
 It should be easy for everyone here to remember.
 But nobody ever calls me by that name.
 When they see me, all they see is the grandson of Lord Hokage.
 No one sees me for who I really am.
 I can't stand it anymore.
 That's why…
 That's why I want the title of Lord Hokage now.
 Idiot…Who do you think will accept you, huh?
 Huh?
 You won't win the title that easily, you know.
 What?!
 It's not that simple.
 If you're really serious about gaining the title of Lord Hokage…
 What?
 You'll have to beat me first!
 Lord Hokage! I've been looking for you.
 Iruka.
 Did Naruto re-submit his Ninja Registration Form?
 Yes.
 When I lectured to him the other night at the ramen stand,
 he said he will make everyone accept him now that he's a Ninja.
 He's been happy since then.
 It might not be easy for Naruto to realize that dream.
 Huh?
 As you well know,
 only the villagers who fought the Nine-Tailed Fox Spirit 12 years ago
 know that the monster is sealed inside Naruto.
 I ruled that no one shall speak about that incident.
 I have severely punished those who have broken this rule.
 Now our children know nothing about it.
 That is the only positive development for Naruto.
 Before the Fourth Hokage trapped the monster and died,
 his last wish was for the villagers to regard Naruto as a hero.
 A hero?
 The Fourth Hokage sealed the monster into the navel of a newborn baby
 whose umbilical cord had just been cut.
 As the receptacle for the Nine-Tailed Fox Spirit,
 Naruto saved the village.
 Unfortunately, the other villagers don't see him like that.
 Some even say that Naruto is the Nine-Tailed Fox Spirit himself.
 Little by little, that attitude has been passed down to their own children.
 Iruka. 					Do you know?
 What, sir?
 When someone is hated and people refuse to accept his existence,
 he sees it in the eyes of the people around him.
 I have found you!
 Huh?
 That Demon Fox!!
 That cold look! lt's always like that!
 Honorable Grandson, we have to go now.
 No way!
 I want to beat Grandpa right now so I can win the title of Lord Hokage!
 Don't get in my way!
 A Hokage must first know about virtue, honor, etiquette, wisdom, loyalty, faith,
 judgment, obedience and all that.
 He must be skilled at more than thousand techniques…
 And then...
 Transform!
 Take this! Sexy Jutsu!
 What? 					lt didn't work!
 What kind of a disgraceful spell is that?!
 I am a gentleman!
 Such vulgar attacks will never work on me!
 Honorable Grandson! That rascal will only make you an imbecile!
 Stick with me and...
 you will gain a shortcut towards becoming the Fifth Hokage.
 C'mon, let's go!
 No way!
 Shadow Clone Jutsu
 Wow! 					Fantastic!
 Ha! 					That's nothing.
 I am a distinguished teacher.
 I am not as weak as Mizuki.
 Boss…
 Transform!
 Transform!
 Oh, Master Ebisu…
 I call it ""the Harem Jutsu""!
 He combined the Multiple Clones with his own Sexy Jutsu.
 That's another devious attack.
 I probably won't even survive that one.
 I can't even beat that four-eyed teacher of mine!
 I want the title of Lord Hokage so badly! I want to be recognized by everybody!
 But I keep failing.
 You think it's that easy?
 Huh?
 It's given only to the greatest Ninja in the village.
 Everybody must learn to believe in you.
 I've been through a lot already.
 It's been one struggle after another.
 But after all that, I found someone who accepts me.
 I had to go through a lot... Just for one person.
 You had better push yourself.
 For what?
 The path of getting the title, Lord Hokage, is a brutal one.
 There's no such thing as a shortcut.
 If you're really serious about attaining the title of Lord Hokage
 You'll have to beat me first.
 Who do you think you are, lecturing me like that?
 I won't be your apprentice anymore.
 From now on, you're my rival.
 Unfortunately for you, tomorrow I graduate from the Ninja Academy.
 Still, I'll consider you an equal someday when we fight for the title of Lord Hokage.
 Let's look forward to that, Konohamaru.
 You still have a long way to go to become a real Ninja.
 Aaah! Why do I have to be in the same group with Sasuke?
 The guy I hate the most?
 Sakura keeps saying  ""Sasuke Sasuke Sasuke!""
 and doesn't even pay attention to me!
 It makes me so mad! I got it! I'm going to pull one on him!
 I'm not gonna let him be so cool in front of Sakura!
 Next Episode:  ""Sasuke and Sakura: Friends or Foes?""
 Watch my outstanding performance!
","[set(), set(), set(), set(), set(), set(), set(), set(), set(), {'Konohamaru'}, set(), set(), set(), set(), set(), set(), set(), set(), {'Transform'}, set(), {'Naruto'}, set(), set(), set(), set(), set(), set(), set(), set(), set(), set(), set(), set(), set(), set(), set(), set(), set(), set(), set(), set(), set(), set(), set(), set(), set(), set(), set(), set(), set(), {'Hokage'}, set(), set(), set(), set(), {'the'}, set(), set(), {'Ebisu'}, set(), set(), set(), set(), set(), set(), {'Naruto'}, set(), set(), set(), set(), set(), {'Naruto'}, set(), set(), set(), set(), set(), set(), set(), set(), set(), set(), set(), set(), set(), set(), set(), set(), set(), set(), set(), set(), {'Chatora'}, {'Chatora'}, set(), set(), set(), set(), set(), set(), set(), set(), set(), set(), set(), set(), {'Ninja'}, set(), set(), set(), set(), set(), set(), set(), set(), set(), set(), set(), set(), set(), set(), {'Transform'}, set(), set(), {'Grandson'}, set(), set(), set(), set(), set(), set(), {'Naruto'}, set(), set(), set(), {'Transform'}, {'Naruto'}, set(), set(), set(), set(), {'Hokage'}, set(), set(), set(), set(), set(), set(), set(), set(), {'Transform'}, set(), set(), set(), set(), set(), set(), set(), set(), set(), {'That'}, set(), set(), set(), {'Hokage'}, {'Konohamaru'}, {'Grandpa'}, set(), set(), set(), {'Hokage'}, set(), set(), {'Hokage'}, set(), set(), set(), set(), set(), {'Hokage'}, set(), {'Hokage'}, set(), set(), {'Naruto'}, set(), set(), set(), {'Naruto'}, set(), {'Naruto'}, set(), set(), set(), {'Naruto'}, {'Naruto'}, set(), set(), {'Naruto'}, set(), {'Naruto'}, set(), set(), set(), set(), set(), set(), set(), {'That'}, set(), set(), set(), set(), {'Grandpa', 'Hokage'}, set(), set(), set(), set(), set(), set(), set(), set(), set(), set(), set(), set(), set(), set(), set(), set(), set(), set(), set(), set(), {'Mizuki'}, set(), {'Transform'}, {'Ebisu'}, set(), set(), set(), set(), {'Hokage'}, set(), set(), set(), set(), set(), set(), set(), set(), set(), set(), set(), set(), {'Hokage'}, set(), {'Hokage'}, set(), set(), set(), set(), {'Hokage'}, {'Konohamaru'}, {'Ninja'}, set(), {'Sasuke'}, set(), {'Sasuke', 'Sakura'}, set(), set(), set(), set(), {'Sakura'}, set(), set()]"
3,"C'mon!
 Running like a fugitive,
 Being chased by something
 Inside my heart is pounding
 My throat dry like it's withering
 For no single one,
 To none does belong,
 This time is ours, right now...
 Unraveling the pain,
 Unraveling our hearts,
 Unraveling shadows
 Stifling our breath,
 Reaching for beyond,
 Tearing through the dark
 In fighting and in love
 To the distant light above,
 Yes, we are on the way
 I wanna rock...
 Rockin' my heart
 Today's…a special day, so…
 Time to eat!
 Sasuke and Sakura: Friends or Foes?
 Fight me, here!
 What're you doing, Konohamaru?
 Very good, Naruto…
 You're the man I expected you to be.
 I didn't do anything, you know…
 Let's fight fair!
 Sorry! I've got an orientation meeting to go to.
 An orientation meeting…?
 Cause… As of today, I'm a Ninja!
 Oh…
 Sakura! Shouldn't you be heading out soon?
 I was thinking of leaving now!
 Cha! How long are you planning to treat me like a child?!
 That's right… I'm not a student of the academy anymore…
 I'm a Kunoichi of the Leaf Village, Sakura Haruno!
 I'm off!
 Morning, Sakura.
 Morning... Ino.
 Who would've thought you'd be able to graduate.
 Ancient history has nothing to do with it.
 As of today, we're both full-fledged Ninjas...
 I won't lose to you anymore, Ino!
 What the--? Why are you here?
 Today's meeting is for graduates only.
 Hey, don't you see this headband?
 As of today, I'm a Ninja, too!
 How can I put it, it really suits me.
 So Naruto…was able to graduate.
 Goal!
 I won again, Sakura!
 What're you saying…?
 The tip of my foot got in one centimeter faster!
 You must be blind.
 It's Sakura.
 Oh…
 Sakura's looking at me…
 Hey, Sakura!
 Mor... morning, Sakur--
 Get outta' the way!
 M-Morning, Sasuke…
 Mind if I sit next to you?
 Hey! I'm going to sit next to Sasuke!
 First come, first served!
 I got in the classroom sooner!
 I did!
 If that's the case, then I did!
 I was first!
 I'm sitting next to Sasuke!
 How annoying...
 Is that this year's top rookie, Sasuke Uchiha?
 Yes.
 The sole survivor of the Uchiha clan?
 Yes.
 Naruto Uzumaki, eh…
 Naruto! Don't glare at Sasuke!
 Sakura…
 Everyone's all Sasuke Sasuke.
 What's so great about this guy?!
 Just beat him up, Sasuke!
 Yeah! Yeah!
 What? Really?
 Oh! Sorry!
 Wha--?
 Whoa!
 Cha! I was planning on seizing Sasuke's first kiss!
 You jerk… Naruto! I'll kill you!
 – My mouth is rotting. – Huh? Was that my fault?
 What? I feel rage…
 Naruto…
 You…
 An accident… lt was an accident
 You are annoying!
 Yikes!
 Naruto…He's at the center of trouble as usual.
 As of today, you all have become full-fledged Ninjas…
 However, you're still Genin.
 The tough part's still to come!
 From here on, you'll be in a squad of three
 and carry out your missions under your Jonin teachers.
 A squad of three?!
 I wonder who's going to be grouped with Sasuke.
 I don't know…
 Cha! I'll be the one grouped with Sasuke, naturally!
 Squads of three, eh. lt'll just slow me down…
 First will be Sakura.
 And the other person…
 can be anyone other than Sasuke!
 The groups have been determined
 so that the strength of the groups will be balanced.
 Now for the assignments!
 Now then, next is Group Seven…
 Naruto Uzumaki!
 Sakura Haruno.
 Hooray!
 I'm with…Naruto…?
 And…Sasuke Uchiha!
 Hooray!
 I'm with…Sasuke…?
 So I'll be in a different group from Naruto, huh…
 Next is Group Eight. Hinata Hyuga!
 Y-Yes…
 Kiba Inuzuka!
 Shino Aburame!
 Why is this happening…?
 Group Nine.
 Cha! Love will be victorious!
 Man…
 Why do women think that kind of guy's so great…?
 Don't you understand, Shikamaru?
 Well, I'm not a woman…
 That's why you are not popular among girls.
 I wouldn't want to be grouped with you.
 Group Ten. Ino Yamanaka.  Shikamaru Nara.
 It appears we've been grouped together.
 And Choji Akimichi.
 And Fatty on top of that...
 That's all for the group division.
 Iruka Sensei!
 Why does an exceptional student like me have to be
 in the same group with this guy?!
 Sasuke has the best grades of the graduates.
 Naruto, you're at the bottom!
 Of course, this is how it is when trying to balance the strength within groups.
 Just don't get in my way, loser!
 Hey, what did you say?!
 You want to fight, loser?
 Knock it off, Naruto!!
 In the afternoon, I'll introduce you to your Jonin teachers.
 You're dismissed until then!
 Sasuke!
 Where'd you go, Sasuke?
 I thought since we're in the same group and all, we'd eat together.
 Sakuraaaa!
 Since we're in the same group and all, let's eat together!
 Why should I have to eat with you?!
 Well... we're in the same group, so…
 You're…annoying.
 Sasuke! Where are you?
 Darn! This is no fun.
 I 'm finally in the same group as Sakura… and then it's like this…
 I wonder if something good will happen…
 That's it!
 Listen up!
 As long as we're in the same group, you will follow my instructions.
 Yeah-yeah…
 She becomes a real pain in the neck when people try to argue with to her, so…
 Let's all go out for some BBQ sometime.
 Oh, man…
 Hmm?
 Naruto…?
 Huh?
 Oh!
 Jerk, it's Naruto, isn't it!
 Darn! Just be quiet.
 Naruto! I won't forgive you if you hurt Sasuke!
 What happened?
 Heh! Idiot…
 So Naruto got beaten by the one he challenged…
 Of course! Naruto's no match  for Sasuke!
 No need for me to feel rushed…
 From here on out,
 I'll be in the same group as Sasuke for the long haul…
 But…
 Even if I were to use my feminine charms…
 my proportions are below average…
 All that's above average is  the width of my forehead…
 What should I do…?
 Huh? No way!
 Sasuke…is looking...
 this way!
 And with such a passionate look!
 You…have a charmingly wide forehead.
 It makes me want to kiss it.
 That's what its surface area is for.
 Yeah, right…
 I'm not just some kid who believes in fairy tales…
 There's no way.
 You…have a charmingly wide forehead.
 What?!
 It makes me want to kiss it.
 Cha! This fairy tale is for real!!
 Or that's what Naruto would say.
 I've got something to ask you.
 What?
 What do you think…of Naruto?
 He's quite at home interfering and enjoys it when I make mistakes.
 Naruto doesn't understand one thing about me…
 He just annoys me!
 All I want…is for you to accept me, Sasuke.…
 For me to accept you…?
 I'll do anything for the sake of that.
 I was careless!
 W-Wha--?!
 Gotcha!
 I didn't think someone who couldn't perform the Clone Jutsu properly
 could do the Shadow Clone Jutsu.
 I'm…desperate, so…
 I finally know why I…
 I like Sakura so much.
 Diarrhea at a time like this?!
 What's wrong?
 I-I'll be right back… 225	01:41:53:26	01:41:56:04 Sasuke's so shy!
 I guess he needs to prepare himself mentally…
 That was close!
 My stomach hurt so much that the Jutsu was about to wear off!
 Why does my stomach have to hurt at such a good time?!
 I'm annoying... huh…
 She said so again…
 And I transformed into Sasuke and had got a little closer to Sakura…
 In that case… I'll play an obnoxious Sasuke …
 and make her hate him!
 Oh Sasuke, you're such a shy bad boy!
 Are you prepared? I'm raring to go!
 H-Hey, Sasuke!
 Where's Naruto?
 Oh, there you go changing the subject again…
 Just leave Naruto alone!
 All he does is pick fights with you!
 It's because he wasn't raised right!
 You know!
 He doesn't have any parents, right?
 He always selfishly does  whatever he wants!
 My parents would get mad at me if I did something like that!
 There are no parents to nag you if it's just you alone!
 So his selfishness comes out at various times!
 The loneliness.
 Huh?
 It's something worse than getting scolded by parents and...
 W-What's gotten into you…?
 You…
 annoy me.
 Darn! It finally stopped!
 I wonder if Sakura's still waiting.
 W-What are you doing here?!
 I used the Escape Jutsu, the very basic of techniques.
 Oh...
 What were you planning to do…
 by transforming into me?!
 I thought it'd be fun, so I gave it a try!
 The Shadow Clone Jutsu again?!
 I'll show you that I'm really amazing!
 I'll defeat you…
 and make you accept me!
 Prepare yourself, Sasuke!
 Just like that, my stomach again…
 B-Bathroom!
 I'm first, I say!
 I'm first, I say.
 I'm about to go in my pants, I say!
 How stupid!
 ""You annoy me"" …huh?
 I see. So this is how Naruto must've felt…
 I wonder if I can… be a bit more nice next time…
 Darn.
 Did I eat something bad?
 Naruto…
 Smile…Smile…
 Let's go back to the classroom, Naruto.
 Sakura…
 Payback for earlier, huh?
 Sasuke's turned himself into Sakura…
 You're trying to trick me, right, Sasuke?!
 I don't think so!
 Ow-ow-ow… What the heck is going on?!
 Oh…
 You idiot, Naruto!
 So, this is Naruto's room…
 And Sasuke of the Uchiha clan is  also in the group you'll be in charge of.
 I wish you good luck!
 The expiration date…
 of this milk has passed quite awhile ago…
 He'll get sick if he drink this.
 It seems like that things are going to get disastrous.
 What the heck is going on?!
 What is going on?!
 This isn't the same Kakashi Sensei from yesterday.
 Is this really the same Kakashi Sensei
 who got caught in my trap and breezily came late?
 Darn it! Darn it!
 No way am I giving up!
 I'll defeat him and clear this super difficult testl!
 No way am I going back now!
 Next episode:  ""Pass or Fail: Survival Test""
 Don't miss my outstanding performance!
","[set(), set(), set(), {'Sasuke', 'Sakura'}, set(), {'Konohamaru'}, {'Naruto'}, set(), set(), set(), set(), set(), {'Sakura'}, set(), set(), set(), set(), {'Sakura'}, set(), {'Sakura'}, {'Ino'}, set(), set(), set(), {'Ino'}, set(), set(), set(), set(), set(), set(), {'Naruto'}, set(), {'Sakura'}, set(), set(), set(), {'Sakura'}, {'Sakura'}, {'Sakur--'}, {'Sasuke'}, set(), {'Sasuke'}, set(), set(), set(), set(), set(), {'Sasuke'}, {'Sasuke'}, set(), {'Uchiha'}, set(), {'Naruto'}, {'Sasuke'}, {'Sasuke', 'Sakura'}, set(), {'Sasuke'}, set(), set(), set(), set(), set(), set(), set(), set(), set(), {'Sasuke'}, {'Naruto'}, set(), set(), set(), set(), set(), {'Naruto'}, set(), {'Naruto'}, set(), set(), set(), set(), {'Sasuke'}, {'Cha'}, {'Sasuke'}, set(), {'Sakura'}, {'Sasuke'}, set(), set(), {'Naruto'}, {'Sakura'}, set(), {'Naruto'}, {'Sasuke'}, set(), {'Sasuke'}, {'Naruto'}, {'Hinata'}, {'Kiba'}, {'Shino'}, set(), set(), set(), set(), set(), {'Shikamaru'}, set(), set(), set(), {'Ino'}, {'Shikamaru'}, set(), {'Choji'}, {'Fatty'}, {'Iruka'}, set(), {'Sasuke'}, {'Naruto'}, set(), set(), set(), set(), {'Naruto'}, set(), set(), {'Sasuke'}, {'Sasuke'}, set(), set(), set(), set(), set(), {'Sasuke'}, set(), set(), set(), {'Sakura'}, set(), set(), set(), set(), {'Naruto'}, set(), set(), {'Jerk', 'Naruto'}, set(), set(), {'Naruto'}, {'Sasuke'}, set(), set(), {'Naruto'}, {'Sasuke', 'Naruto'}, {'Sasuke'}, set(), set(), {'Sasuke'}, set(), set(), set(), set(), set(), set(), set(), set(), set(), set(), {'Naruto'}, set(), set(), {'Naruto'}, set(), {'Naruto'}, {'Sasuke'}, set(), set(), set(), set(), set(), {'Sakura'}, set(), set(), {'Sasuke'}, set(), set(), set(), {'Sasuke', 'Sakura'}, {'Sasuke'}, set(), set(), {'Sasuke'}, {'Naruto'}, {'Naruto'}, set(), set(), set(), set(), set(), set(), set(), set(), set(), set(), set(), set(), set(), set(), {'Sakura'}, set(), set(), set(), set(), set(), set(), set(), {'Sasuke'}, set(), set(), set(), set(), set(), set(), set(), {'Naruto'}, set(), {'Naruto'}, {'Sakura'}, {'Sasuke', 'Sakura'}, set(), set(), {'Naruto'}, {'Sasuke', 'Naruto'}, set(), set(), set(), set(), set(), {'Kakashi'}, {'Kakashi'}, set(), set(), set(), set(), set(), set()]"
4,"C'mon!
 Running like a fugitive,
 Being chased by something
 Inside my heart is pounding
 My throat dry like it's withering
 For no single one,
 To none does belong,
 This time is ours, right now...
 Unraveling the pain,
 Unraveling our hearts,
 Unraveling shadows
 Stifling our breath,
 Reaching for beyond,
 Tearing through the dark
 In fighting and in love
 To the distant light above,
 Yes, we are on the way
 I wanna rock...
 Rockin' my heart
 He's late.
 Naruto!
 Stay still.
 Why's it that only our squad's teacher is late?
 The other squads have gone off somewhere with their new teachers,
 and Iruka Sensei's also left.
 Don't look at me.
 Hey, what're you doing, Naruto?!
 Hey!
 It'll be his fault because he's late.
 Man! You're asking for it!
 I like stuff like this!
 A Jonin wouldn't get caught in such a weak booby trap.
 That's right. You're such an idiot...!
 I got him, I got him...
 I-I'm sorry, sir.
 I tried to stop him, but Naruto did it on his own...
 It's all good.
 Get real. ls he really a Jonin?
 How can I put this?
 As for my first impression of you guys...?
 Well, I hate you.
 Pass or Fail: Survival Test
 Let's see.
 First off, let me have you guys introduce yourselves.
 Introduce ourselves...
 What should we say?
 Your likes, dislikes, your future dream, hobbies, things like that!
 Hey!  Before that, please tell us about yourself.
 Me? My name's Kakashi Hatake.
 I don't feel like telling you guys about my likes and dislikes.
 I've never really thought about my future dream...
 As for my hobbies, I have many.
 In the end, isn't all we know his name?
 Yeah.
 Next is you guys.
 Let's start with you.
 My name's Naruto Uzumaki!
 I like instant ramen,
 but what I like even more is the ramen from Ichiraku
 that Iruka Sensei treats me to.
 What I dislike is the three minutes
 after pouring hot water in the instant ramen.
 My hobby is eating and comparing ramen!
 And my future dream...
 is to surpass the Hokage!
 And so I'm going to get the entire village
 to acknowledge my existence!
 I see...
 this kid's grown up in an interesting way.
 Okay, next.
 I'm Sakura Haruno.
 What I like... I mean, who I like is...
 And, my hobby is, 					I mean...
 My future dream is...
 And? What about your dislikes?
 Naruto!
 Girls at her age are probably more interested in love
 than the Ninja Arts.
 And lastly.
 My name's... Sasuke Uchiha.
 I have lots of dislikes, but no likes in particular.
 Oh...
 And...
 I don't feel like summing up my ambition as just a dream
 but I do have an ambition!
 The ambition to restore my clan and without fail...
 to kill a certain man!
 He doesn't...
 mean me, does he?
 Sure enough, Sasuke's cool.
 I knew it...
 Good!
 The three of you are very distinctive and interesting!
 We'll have a mission tomorrow!
 Yes, sir! What kind of mission?
 First, we'll do what we can do with just four people.
 What-what-what?!
 A survival exercise.
 Survival exercise?
 Why are we doing an exercise
 even though this is supposed to be a mission?
 We've had more than our share of exercises in the Academy!
 This is no simple exercise.
 Then... then what kind of exercise is it?
 Hey! What's so funny, Sensei?
 Uh, well, if I tell you, I know you'll grow disenchanted.
 What?
 Of the twenty-seven graduates,
 only nine will be recognized as junior ninjas.
 The remaining eighteen will be sent back to the Academy.
 In other words, this exercise is an extremely difficult test
 with a failure rate of 66% or higher!
 See, see?
 You got disenchanted!
 That's crazy!
 To have suffered that much!
 T-Then, what was the graduation test for?
 Oh, that.
 It was just to select those who have the potential of becoming Genin.
 Whaaaat?!
 Well, that's the way it is.
 I'll be determining whether you pass or fail.
 Bring your complete set of Ninja tools!
 We meet at five in the morning.
 N-No way am I going to be dropped now!
 I've got to have my strength recognized for real.
 I'll be separated from Sasuke if I fail this test.
 This is an exercise of love!
 Okay! You're dismissed.
 Oh... And you'd best skip breakfast.
 You'll throw up.
 Morning.
 Hi, folks. Good morning!
 You're late!
 Well, a black cat crossed my path, you see.
 Ahem! Oh well...
 Okay, it's set for 12:00!
 Today's assignment is to take these bells away from me by noon.
 Those who can't do it won't get lunch.
 They'll be tied to that...
 and I'll eat my lunch before your very eyes.
 So that was the point...
 for us not to eat breakfast...
 But, hold on.
 Why are there only two bells?
 There are only two, so at the very least,
 one will have to go to the logs.
 That person will be disqualified for failing the mission...
 and will return to the Academy.
 It might be one person at the very least,
 or it could be all three of you.
 You can use your Shuriken.
 You won't be able to take the bells unless you come with the intent to kill me.
 But, that's dangerous, sir!
 Y-Yeah, that's right!
 You couldn't even evade a chalkboard eraser!
 In this world,
 those who aren't skilled enough tend to complain more.
 Well, just ignore the loser...
 Begin when I give the ""ready-go"" signal.
 Loser, loser, loser.
 Don't be so hasty. I didn't say start, yet.
 No way...!
 I didn't see him at all.
 So this is a Jonin.
 But, that's fine.
 At least you came with  the intent to kill me.
 How can I put this...?
 I feel like I'm finally starting...
 to like you guys.
 We're going to start.
 Ready... start!
 What do you want to know?
 I didn't think you just came here to drink tea.
 The Jonin in Naruto and company's Group Seven...
 What kind of teacher is he? ls he strict?
 You mean Kakashi? Does he concern you?
 I heard a rumor that concerns me.
 What's this?
 It's a pass-fail list of the junior ninjas
 Kakashi has been in charge of up until now.
 Let me have a look.
 T-This is...!
 Fundamentally, ninja must mask their presence and hide.
 Okay, everyone is hidden pretty well...
 Alright! Let's face off fair and square!
 Oh?
 That goof.
 Say, aren't you a bit off kilter?
 What's off kilter is your hairstyle!
 I'll teach you the first Shinobi Battle Jutsu...
 Taijutsu.
 Taijutsu...?
 That's ninja hand-to-hand combat...
 That being said... he's going to use weapons?
 Make-Out Paradise
 What's the matter?
 Why don't you come at me?
 But hey... what's with the book?
 Why do you ask...?
 It's because I was curious about what happens next.
 Don't worry.
 With you guys as opponents,
 it makes no difference if I'm reading or not.
 I'm going to rip you apart!
 Darn! This time a spin kick!
 Man!
 Wha--?!
 Ninja shouldn't let the enemy take them from behind multiple times, fool.
 The way his hands are positioned...
 Is that the Sign of the Tiger?!
 No way!
 With Naruto as his opponent,
 that's too strong a Ninjutsu no matter how you look at it.
 That Sign... lt's a fire-style skill.
 That idiot teacher's doing more than just running around?
 Naruto, get out of there quick!
 You'll die!
 Too late.
 Leaf Village Secret! Ultimate Taijutsu!
 One Thousand Years of Death!
 Oh, it's not a Ninjutsu.
 Those two are idiots.
 Alright...
 Even so, isn't that against the rules?
 What're we supposed to do about his strength?
 Darn it!
 It wasn't supposed to be like this.
 It... can't be!
 This is more than just a rumor.
 Kakashi's test might be a bit difficult...
 Even so, this means absolutely no one has passed...!
 That's right...
 Kakashi has never had someone pass.
 They have all...
 been annihilated...
 What's the matter?
 You won't get lunch if you can't take the bell by noon.
 I know that, I say.
 You're not very energetic,
 considering you said that you'd surpass the Hokage.
 Darn it! Darn it! I can fight even if I'm hungry.
 I didn't even have dinner last night.
 I shouldn't have gone on a diet.
 I just got a bit careless earlier!
 Darn! I'm hungry, so my strength...
 But... I've got to take the bell, no matter what.
 No matter what...
 I'm... not...
 turning back now!
 I'm going to become a Ninja!
 Security is your greatest enemy!
 Now for my favorite Multi-Shadow Clone Jutsu!
 Seven... Narutos?
 What? They're not just images?
 Are they all real? The real thing?
 Not the clone, but the shadow clone, eh.
 If you ever lay a hand on Iruka Sensei, I'll kill you!
 Show me what you can do, Demon Fox!
 Those aren't just images but actual clones!
 That's an advanced Ninjutsu!
 It's the forbidden Jutsu that did in Mizuki.
 Judging from your ability,
 that Jutsu should have a one-minute limit.
 Even if you talk trash,
 Naruto is Naruto after all is said and done...
 You still can't beat me with that skill.
 W-What?! Behind me?!
 Ninja shouldn't let the enemy take them from behind.
 Right, Kakashi Sensei?
 Using the Shadow Clone,
 I had one of them come up
 from the bottom of the river and sneak behind you!
 Here's one for that attack on my butt earlier!
 Naruto, not bad!
 So... a diversionary tactic, eh?
 Now... allow me to punch you!
 What?!
 The one who got punched was...
 Naruto?
 Ouch!
 You...!
 You're Kakashi Sensei, right?!
 You used the Transformation Jutsu to change yourself, didn't you?!
 It's you!
 You're Kakashi Sensei, I say.
 You smell like Kakashi Sensei!
 The smell of an old guy!
 Why you--!
 Hey! For the time being, let's try undoing the Jutsu.
 If we do that, only the two will remain... so...
 You should've realized that sooner, you idiot!
 You're me, you idiot! Just undo the Jutsu!
 Naruto...
 You're embarrassing to watch...
 That was the Substitution Jutsu, you fool.
 Essentially, it's a skill used to quickly switch one's own body
 with an object or animal.
 This makes your enemy think you're being attacked,
 but then you strike during their unguarded moment.
 After letting himself get caught by the real Naruto,
 the Jonin fool switched bodies with one of the clone Narutos.
 Not only did he make Naruto think he'd been nailed...
 he used Naruto's own attack on him.
 A bell?!
 You really must have been in a hurry.
 You've dropped a bell!
 What the heck is this?!
 Of course it's a trap...
 H-H-Hey!
 That jonin doesn't lower his guard even when he's fighting Naruto.
 The bell!
 You have to think when using Jutsu.
 They can be used against you.
 Also...
 ...don't get caught in an obvious trap, you fool.
 A Ninja must see through deception!
 I know that, I say!
 You know, I'm telling you because you don't get it.
 Listen up!
 Your movements are wasteful.
 Now!
 He finally dropped his guard!
 You're so...
 No way!
 You jerk Sasuke!
 You're overdoing it!
 Darn it!
 At this rate, there's no way I can beat Kakashi Sensei.
 But if I don't take the bell...
 I won't get lunch...
 No... I'll fail the test!
 He says a Ninja must see through deception,
 but I have no idea what that means.
 How in the world can I take the bell back
 from Kakashi Sensei?!
 Next episode:  ""You Failed! Kakashi's Final Decision""
 Don't miss my outstanding performance!
","[set(), set(), set(), {'Naruto'}, set(), set(), {'Iruka'}, set(), {'Naruto'}, set(), set(), set(), set(), set(), set(), set(), set(), set(), {'Naruto'}, set(), set(), set(), set(), set(), set(), set(), set(), set(), set(), set(), set(), set(), {'Kakashi'}, set(), set(), set(), set(), set(), set(), {'Naruto'}, {'Iruka'}, set(), set(), set(), set(), set(), set(), {'Sakura'}, set(), set(), set(), {'Naruto'}, set(), set(), {'Sasuke'}, set(), set(), set(), set(), set(), {'Sasuke'}, set(), set(), set(), set(), set(), set(), set(), set(), set(), set(), set(), set(), set(), set(), set(), set(), set(), set(), set(), set(), set(), set(), set(), set(), set(), set(), {'Genin'}, set(), set(), set(), {'Ninja'}, set(), set(), set(), {'Sasuke'}, set(), set(), set(), set(), set(), set(), set(), set(), set(), set(), set(), set(), set(), set(), set(), set(), set(), set(), set(), set(), set(), set(), set(), set(), set(), set(), set(), set(), set(), set(), set(), set(), set(), set(), set(), set(), set(), set(), set(), set(), set(), set(), set(), set(), {'Jonin'}, set(), {'Kakashi'}, set(), set(), set(), {'Kakashi'}, set(), set(), set(), set(), set(), set(), set(), set(), set(), set(), set(), set(), set(), set(), set(), set(), set(), set(), set(), set(), set(), set(), set(), set(), set(), set(), set(), {'Naruto'}, set(), set(), {'Naruto'}, set(), set(), set(), set(), set(), set(), set(), set(), set(), set(), set(), set(), set(), set(), {'Kakashi'}, set(), {'Kakashi'}, set(), set(), set(), set(), set(), set(), set(), set(), set(), set(), set(), set(), set(), set(), set(), set(), set(), set(), set(), set(), set(), set(), set(), set(), set(), {'Iruka'}, {'Demon'}, set(), set(), set(), set(), {'Naruto'}, set(), set(), set(), {'Kakashi'}, set(), set(), set(), set(), set(), set(), {'Naruto'}, set(), set(), {'Kakashi'}, set(), set(), {'Kakashi'}, {'Kakashi'}, set(), set(), set(), set(), set(), set(), set(), {'Naruto'}, set(), set(), {'Jonin', 'Narutos', 'Naruto'}, {'Naruto'}, set(), set(), set(), set(), set(), {'jonin', 'Naruto'}, set(), set(), set(), set(), set(), set(), set(), set(), set(), set(), set(), set(), {'Sasuke'}, set(), set(), {'Kakashi'}, set(), set(), set(), set(), {'Kakashi'}, set(), {'Kakashi'}]"
5,"C'mon!
 Running like a fugitive,
 Being chased by something
 Inside my heart is pounding
 My throat dry like it's withering
 For no single one,
 To none does belong,
 This time is ours, right now...
 Unraveling the pain,
 Unraveling our hearts,
 Unraveling shadows
 Stifling our breath,
 Reaching for beyond,
 Tearing through the dark
 In fighting and in love
 To the distant light above,
 Yes, we are on the way
 I wanna rock...
 Rockin' my heart
 You have to think when using Jutsu.
 They can be used against you.
 Also, don't get caught in an obvious trap, you fool.
 A Ninja must see through deception…got it?
 I know that!
 You know, you say that because you don't get it. Listen up.
 Your movements are wasteful.
 Now!
 He finally dropped his guard!
 You're so...
 No way!
 You jerk Sasuke! You overdid it.
 Damn! Another substitution…?
 He must have found out my location with those Shuriken!
 He purposely lowered his guard! Serves me right…
 I fell for the trap.
 So he's over there, eh…
 Sasuke…Where are you…?!
 Don't tell me, Kakashi Sensei already…
 No!
 That couldn't happen to Sasuke, right?!
 Safe! He didn't notice me.
 Sakura, behind you.
 Huh?!
 What's up with that ""A Ninja must see through deception"" stuff?!
 Darn it! I'll never fall for his trap again!
 I fell for it again!
 You Failed! Kakashi's Final Decision
 What was that?! Huh?!
 Hold on! Where's Sensei?!
 Huh?! What's going on?!
 Huh?! What's what?!
 Sakura…
 Sasuke?!
 Sa…Saku…ra…
 P-Please…help…me…
 Maybe I went a bit overboard…
 But it's really something she should notice…
 Was that voice…Sakura's…?
 Shinobi Battle Skill ♪2, Genjutsu.
 Sakura was easily lured.
 Genjutsu, huh...?
 An illusory mind-controlling technique. I'm not surprised she got lured.
 However…
 I'm different from them.
 Why don't you say that after you get a bell…Sasuke?
 It's no use just using straightforward attacks.
 A trap?!
 What?!
 This guy's...?!
 What a guy.
 There's no time to read ""Make-Out Paradise.""
 What…? 					I…?!
 That's right! I saw Sasuke on the verge of dying and I…
 Sasuke! Don't die and leave me here!!
 Where are you?!
 So that's what it looks like behind the logs.
 Oh! There are box lunches on the stone!
 A Ninja must see through deception... eh?
 Well! I'll acknowledge that you're different from those two.
 Horse!
 Tiger!
 Fire Style! Fireball Jutsu!
 What?! That's not a Jutsu that a Genin can do…
 He shouldn't have enough Chakra yet!
 He's gone! ls he behind me?! No, above me?!
 Where is he?!
 I'm under you!!
 Wha--?!
 Earth Style: Headhunter Jutsu.
 Shinobi Battle Skill ♪3, Ninjutsu.
 How's that? You can't move, heh?
 Although, you're…already starting to make your mark.
 But, oh well.
 They do say that the nail that sticks up gets hammered down, so…
 Damn it!
 I don't have to naively take those bells. I'll just eat in secret right now!
 Let's eat!!
 Hey.
 I was just joking…
 Too late!
 Darn it…! Is there this much of a difference in strength…?
 Sakura...
 This time it's a freshly severed head?!
 What's up with her?
 Sasuke?
 You're okay!
 Hey, cut it out! Don't cling to me!
 There's not much time left until noon. I'm going.
 Sasuke, you're still going after the bells?!
 I was able to touch them last time. Next time I'll be able to take them.
 What?! 					I-I see.
 Sure enough, you're awesome, Sasuke.
 There's no way I can take the bells from Sensei.
 At this rate, I'll face separation from Sasuke…
 Uh…say. There's really no time left…
 So let's just take it easy and try again next time.
 I'm the only one who can kill that man.
 Huh…? What? You mean Sensei?
 At that time…I was crying.
 Crying…?
 My…
 What…? What is it…?
 I'm an avenger. I must become stronger than that man…
 I don't have time for setbacks here...
 ...to kill a certain man!
 Damn it…I wasted my time talking.
 Sasuke...
 Oh-oh, your stomachs are growling…
 By the way, about this exercise…
 Well! There's no need for you guys to go back to the Academy.
 What? I… All I did was lay unconscious.
 Is that okay?
 Love is victorious!! Cha!!
 Yahooooo!
 Then, then! That means the three of us…
 Yes. The three of you…
 must quit being Ninja!!
 N-No way!
 Kakashi hasn't passed a single person this whole time…
 Iruka…
 Even I don't know if it's good for those kids to become Shinobi right away…
 However… Kakashi's judgments were correct…
 Quit being Ninja?! What do you mean?!
 Uh, well it's true, we weren't able to take the bells.
 But why do we have to be told to ""quit""?!
 That's because you're all squirts who don't have the qualifications to become Ninja.
 Oh!
 Sasuke!
 I'm saying you're squirts.
 Don't step on Sasuke!!
 Are you kids thinking that being a Ninja is easy? Huh?
 Why do you think you're doing this exercise in teams?
 Huh?! What do you mean?
 Put simply…
 it's as if you guys have no understanding of the answer to this test.
 Answer…?
 Yes. The answer that determines passing or failing of this test.
 That's…what I've wanted to ask about for a while now.
 Man, are you guys brainless or what?
 Don't you get the meaning of the three-man squad?!
 Jeez!! What of three people to a squad?!
 That's…teamwork!
 You mean, working together?
 Exactly. But it's too late even if you realize that now.
 You might've been able to…
 take the bells if the three of you had come at me…
 Well, it's too bad.
 Now wait a minute.
 Why use teamwork if there were only two bells?
 If the three of us were to desperately go take the bells with one having to hold back,
 that wouldn't be teamwork. That'd create internal discord.
 Of course!
 This is a test set up to purposely place you against each other.
 It's under just such conditions where one's own interests aren't the issue.
 The intention was to select those who could prioritize teamwork…
 Despite this, you fools…
 Sakura!
 You were only concerned with Sasuke and you didn't even know where he was.
 And you didn't care for Naruto who was right in front of your eyes…
 Naruto!
 All you do is run solo…
 You labeled the other two as hindrances and acted on your own…
 Missions are carried out in squads!
 There's no mistaking that Ninjas need unsurpassed individual skills…
 But ""teamwork"" is considered more important than that.
 Individual actions that disrupt teamwork throw the team into crisis and lead to death…
 For example...
 ""Sakura! Kill Naruto, or else Sasuke dies…""
 What?! What?! Whaaat?!
 Is what will…happen.
 Oh, I was so surpised.
 On top of having a hostage taken,
 you're faced with two impossible choices and end up being killed.
 Every mission is a life-risking assignment.
 Look at this…
 The many names engraved on this stone…
 These are all Ninjas who are called heroes in the village.
 That-that-that-that! I like thaaat!
 I've decided now to get my name engraved there, too!
 A hero! A hero! I'm not going to die like a dog!
 But…they're not just ordinary heroes.
 No kidding. Then, what kind of heroes are they?
 Hey! Hey!
 They are heroes who were killed in action.
 Killed in action?
 It means they died performing a mission.
 This is a memorial.
 The names of my friends are also engraved here...
 I'll give you guys one more chance!
 However, after noon it'll be a harsher battle to take the bell.
 Those who want to take on the challenge can eat lunch.
 However, don't let Naruto have any.
 It's punishment for breaking the rules and attempting to eat lunch on your own.
 If someone lets him eat…
 that person will be disqualified on the spot.
 I make the rules, here. Got it?!
 I must be going.
 Listen to me, Iruka.
 What?
 No matter what the result, don't hold it against Kakashi…
 Alright.
 I'm okay with not eating lunch! No sweat at all!
 No sweat…
 Here.
 H-Hey, Sasuke. Sensei just said…!
 It's okay. There's no sign of him now.
 The three of us are going to go take the bells together.
 It'll be trouble for me if he becomes a hindrance, so...
 Sasuke…
 Sakura…
 Thanks…
 Don't thank me. Just hurry up and eat.
 But…
 I'm on…a diet… I mean I just eat less than Sasuke.
 So you don't need to worry.
 But…
 See…
 Wha--?!
 Hurry it up. We don't know when he'll be back…
 It's just this one time.
 Okay? You got it?!
 I got it.
 You three!
 Yiiikes!
 You defied the rules so that means you know what's coming…
 Do you have…something to say?
 But you see…
 What?!
 But! But! But! You said, Sensei!
 These guys…
 We're a three-man squad, right?
 That's right! The three of us are one, so…!
 That's right! That's right! That's right!
 That's right!
 The three of you are one, eh…
 You pass!
 What?!
 Whaaat?!
 You pass!
 We passed?! Why?!
 You guys are the first.
 Up until now, it was always just dunces who would meekly listen to what I said.
 A Ninja must see through deception…
 In the world of Ninja,
 those who break rules and codes are branded as garbage…
 But…
 Those who don't cherish their friends are garbage worse than that.
 He's… He's…kinda…cool…
 That's it for the exercise…
 Everyone passes!
 Group Seven starts their mission tomorrow!
 Yes, Sir!
 I did it!! I'm a Ninja! Ninja! Ninja!
 Let's go home.
 Cha!
 I...
 knew this is how it'd turn out!
 Untie the rope!
 Oh, please! It'd been nothing but blah missions until now.
 And just when I thought I'd finally gotten an awesome mission,
 to think it'd be bodyguarding this old man.
 He mocks the heck out of me, calling me a brat.
 I'll tell him a thing or two.
 Someday I'll be… Hey, are you listening?!
 Next episode: ""A Dangerous Mission! Journey to the Land of Waves!""
 Don't miss me kick butt!
","[set(), set(), set(), set(), set(), set(), set(), set(), set(), set(), set(), set(), set(), {'Sasuke'}, set(), set(), set(), set(), set(), set(), {'Sasuke'}, {'Kakashi'}, {'Sasuke'}, set(), set(), {'Sakura'}, set(), set(), set(), set(), set(), set(), {'Kakashi'}, set(), set(), {'Sensei'}, set(), set(), set(), set(), {'Sasuke', 'Sakura'}, {'Sakura'}, set(), {'Sakura'}, set(), set(), set(), set(), set(), set(), set(), set(), set(), set(), set(), set(), set(), set(), {'Sasuke'}, set(), set(), set(), set(), set(), set(), set(), set(), set(), set(), set(), set(), set(), set(), set(), set(), set(), set(), set(), set(), set(), set(), set(), set(), set(), set(), set(), set(), set(), set(), set(), set(), set(), set(), {'Sakura'}, set(), set(), {'Sasuke'}, set(), set(), set(), set(), set(), {'Sasuke'}, set(), set(), set(), set(), {'Sasuke'}, set(), {'Sasuke'}, set(), set(), set(), set(), {'Sensei'}, set(), set(), set(), set(), set(), set(), set(), {'Sasuke'}, set(), set(), set(), set(), set(), set(), set(), set(), set(), set(), set(), {'Iruka', 'Ninja', 'Shinobi', 'Kakashi'}, set(), set(), set(), set(), set(), {'Sasuke'}, set(), {'Sasuke'}, set(), set(), set(), set(), set(), set(), set(), set(), set(), set(), set(), set(), set(), set(), set(), set(), set(), set(), set(), set(), set(), set(), set(), set(), set(), set(), {'Sakura'}, {'Sasuke'}, {'Naruto'}, set(), set(), {'Sakura'}, {'Sasuke', 'Naruto'}, set(), set(), set(), set(), set(), set(), set(), set(), set(), set(), set(), set(), set(), set(), set(), set(), set(), set(), set(), set(), set(), set(), set(), set(), set(), set(), {'Naruto'}, set(), set(), set(), set(), set(), {'Iruka'}, set(), {'Kakashi'}, set(), set(), set(), {'Sasuke'}, {'Sensei'}, set(), set(), set(), {'Sasuke', 'Sakura'}, set(), {'Sasuke'}, set(), set(), set(), set(), set(), set(), set(), set(), set(), set(), set(), set(), set(), set(), {'Sensei'}, set(), set(), set(), set(), set(), set(), set(), set(), set(), set(), set(), set(), set(), set(), set(), set(), set(), set(), set(), set(), set(), set(), set(), set(), set(), set(), set(), set(), set(), set(), set(), set(), set(), set(), set(), set()]"
6,"C'mon!
 Running like a fugitive,
 Being chased by something
 Inside my heart is pounding
 My throat dry like it's withering
 For no single one,
 To none does belong,
 This time is ours, right now...
 Unraveling the pain,
 Unraveling our hearts,
 Unraveling shadows
 Stifling our breath,
 Reaching for beyond,
 Tearing through the dark
 In fighting and in love
 To the distant light above,
 Yes, we are on the way
 I wanna rock...
 Rockin' my heart
 Sasuke here at Point B!
 Sakura here at Point C!
 Naruto here. I'm at Point A!
 You're slow, Naruto!
 Okay, the seventh squad…
 Hm?!
 The target has moved!
 Follow it!
 Alright! It's over there!
 What's your distance from the target?
 Five meters! I can go at anytime!
 I'm ready, too!
 Me, too…!
 Okay…
 Do it!
 Uryaaah!
 I got him!
 Does he have the ribbon on his right ear…?
 Are you sure it's our target Tora?
 It's the target, no mistake.
 Alright, the mission to capture lost pet ""Tora"" is complete!
 Isn't there a mission with a greater sense of urgency?!
 A Dangerous Mission! Journey to the Land of Waves!
 Ohhh! My cute Tora! I was worried to death!
 The Wife of the Land of Fire's Daimyo (Feudal Lord) 		Madame Shijimi and Tora (the Cat)
 Serves him right, that stupid cat!
 No wonder he ran away…
 …Now, then!
 The next mission for Kakashi's seventh squad is…
 An errand to the neighboring town… to baby-sit the chief Councilor's boy…
 Helping with digging for potatoes, eh…
 Nooooo!
 No! No, thank you!
 As for me,
 I want to do like a more exciting mission!
 Give us something else!
 He's got a point…
 Man… He's a pain!
 I thought it was about time for him to get fretful…
 You fool! You're still bottom rookie!
 At the start,
 everyone moves up the ladder
 by gaining experience from simple missions!
 B-But!
 It's been nothing but blah missions so far!
 Knock it off!
 Naruto!
 It's necessary to explain to you what a mission is…
 Listen to me!
 Requests pour into the village every day.
 They range from babysitting to assassinations…
 A wide spectrum of requests are recorded on the request list…
 They are separated into A, B, C, and D ranks in order of difficulty.
 In the village, everyone below me
 is divided up by ability in the order of Jonin, Chunin, and Genin.
 We at the highest level distribute the requests as missions
 to Ninjas who have abilities that suit said mission.
 And, if the mission is successful, the fee comes in from the client.
 Nevertheless, you guys have just become Genin…
 rank D is about the best you can do…
 Hm?!
 Yesterday's lunch was pork-bone broth noodles,
 so today will be miso broth…
 Listen!
 I-I'm sorry.
 Maaaan! You always lecture me, old man!
 But I'm not that little prankster that you think I am!
 Humph!
 Maaan, I'm going to get scolded later…
 This kid who could only express himself with pranks…
 Okay, fine!
 Huh…?!
 If you insist…
 I'll have you do a Rank C mission…
 You'll be bodyguards for someone.
 Really?!
 Ah-ha!
 Who? Who?
 A feudal lord?!
 Or, a princess?!
 Don't get so hasty.
 I'll introduce you now!
 Could you please come in…?
 Huh…?!
 What's this? It's just a bunch of darned squirts!
 Huh…?
 Particularly you, the smallest one with the idiot face.
 Are you really a Ninja?
 Who's the smallest one with the idiot face he's talking about…?
 What?!
 I'll kill him!!
 What good will it do to kill the old man
 you're supposed to be guarding, you moron?!
 I'm Tazuna, veteran bridge builder.
 You'll be risking life and limb in guarding me to the max
 until I return to my land and complete my bridge!
 All right!
 We're off!!
 What're you so excited about?!
 You see, I've never left the village before!
 Hey! Am I really okay with this squirt?!
 I'm a Jonin. I'll be watching him. There's no need to worry.
 ...okay with this squirt?!
 Anyone but this old dude, man…
 He's really the worst client!
 I'll tell him a thing or two…
 Hey, old man!
 Don't be mocking Ninjas so much!
 I'm awesome, you see!
 I'm a super-elite Ninja who will be called Hokage one day!
 My name's Naruto Uzumaki.
 Remember it well!!
 The Hokage's the super top-dog Ninja in the village, right?
 You sure as heck don't seem like you could become the Hokage…
 Aaah! Shut up!
 I'm prepared to do whatever it takes to become the Hokage!
 You'll have no choice but to acknowledge me then!!
 I'll never acknowledge you, squirt…
 Even if you become the Hokage!
 What?! I'll kill you!
 I told you to stop it, you moron!
 No! At least let me have one shot, just one…
 Say…Mr.Tazuna…?
 What is it?
 Your country is  ""The Land of the Waves,""  right?
 What of it?
 Say, Kakashi Sensei…
 Are there Ninjas in that land, too?
 No, there aren't Ninjas in the Land of the Waves…
 But in other nations, while cultures and customs are different,
 hidden villages exist, and there are Ninjas there.
 To the many nations on the continent,
 the existence of Shinobi Villages is a measure of the nation's military strength.
 In other words,
 that is how these nations maintain their relationships with neighboring nations.
 Even so, the villages are not under the control of the nations.
 They are equal in rank.
 On a small island like the Land of the Waves,
 where it is difficult to be influenced by other nations,
 there is no need for a Shinobi village.
 Among the respective nations that possess a Shinobi Village,
 the five nations of ""Fire,"" ""Water,"" ""Lightning,"" ""Wind,"" and ""Earth,""
 due to their large territory and immeasurable power,
 are called the ""Five Great Nations.""
 The Village Hidden in the Leaves of the Land of Fire,
 the Village Hidden in the Mist of the Land of Water,
 the Village Hidden in the Clouds of the Land of Lightning,
 the Village Hidden in the Sand of the Land of Wind,
 the Village Hidden in the Rocks of the Land of Earth.
 Only the leaders of each of these Hidden Villages
 are allowed to have the name of Kage, the Shadow.
 The ""Hokage"" (Fire shadow),""
 ""Mizukage"" 					(Water Shadow),
 ""Raikage"" (Lightning Shadow),
 ""Kazekage"" 					(Wind Shadow),
 ""Tsuchikage"" (Earth Shadow),
 the so-called Five Kage (shadows),
 reign supreme over the tens of thousands of Ninjas
 in each nation of the whole world.
 No kidding… Lord Hokage is that incredible!
 I wonder if that blah old man is really that incredible…
 Sounds fishy!
 That can't be true! No way!
 Hey!
 You guys just doubted Lord Hokage now, didn't you…?
 Well…don't worry.
 There are no Ninja battles in Rank C missions.
 Then, there's no worry of getting into a scrape with foreign Ninjas…!
 Of course, not.
 What?!
 Huh?!
 W-What?
 The first one!
 K-Kakashi Sensei!
 The second one…
 The second one…
 Ohhh…!
 Hm?!
 It doesn't come off!
 W…Wow!!
 Whoa!
 Ugh!!
 They'll come!
 I have to do it… I have to!!
 Get back, sir!!
 Yo…
 Kakashi Sensei…! He's alive!
 Humph! 					Show off…
 Whaa--?!
 Then, what was that…?
 So Kakashi Sensei…used Substitutions…
 Naruto… Sorry I didn't help you right away…
 I got you hurt.
 I didn't think you'd be incapable of moving…
 I was saved, somehow…
 Anyhow, let me just say, good job, Sasuke.
 You, too, Sakura.
 I…couldn't do anything…
 but Sasuke…
 It was his first real battle…
 Didn't he feel scared, at all?
 He saved me like it was nothing and without getting any dirt on his clothes…
 Hey…
 Huh?!
 Are you hurt…
 scaredy cat...?
 Sasuke!
 Naruto!
 These guys have poison on their claws.
 You need to take out the poison quickly.
 What?!
 You have to open the wound and drain the poisoned blood.
 Don't move so much.
 The poison will spread.
 By the way, Mr. Tazuna…
 W-What is it…?!
 I have something to talk to you about.
 Chunin from the Village Hidden in the Mist…
 These guys are Ninjas known for continuing to fight
 no matter what the sacrifice.
 How were you able to detect our movements?
 There probably wouldn't be  puddles of water
 on a clear day like today, when it hasn't rained for days.
 Knowing that, why'd you leave it to the kids to fight?
 If I felt like it, I could kill these guys instantly…
 But… 					I had to know...
 who the target of these enemies was…
 Hm?! What do you mean?
 In other words...
 what I mean is I had to know if it was you,
 or one of us Shinobi… who was being targeted.
 We haven't heard anything about you being targeted by Ninjas.
 The content of the request was supposed to just be
 protection from gangs, thieves, and the like…
 This is a mission with a B rank or higher.
 The request was supposed to be
 for backup protection until you finished building your bridge…
 If our enemies were to be Ninjas,
 the mission would've been estimated without question
 as an expensive  ""B Rank""  mission.
 It appears there's some kind of good reason for this,
 but being lied to in the request won't do.
 This is beyond the scope of our mission.
 This mission is too soon for us…
 Let's give it up!
 We need an anesthetic to open Naruto's wound
 and get out the poisoned blood…
 We have to return to the village and take him to a doctor…
 Hmmm…
 Hm? What...?!
 This sure is a burden!
 Since we need to treat Naruto's wound, shall we go back to the village…?
 Huh!
 Oh!
 Why am I so different?!
 Why's it always me… Darn it!
 Naruto! What're you doing?!
 I should be getting stronger…
 Here I'm steadily carrying out missions and
 doing special-skill training by myself every day…
 I'll never get into another situation from which I'll have to be rescued.
 I'll never be afraid or a be a coward…
 I won't lose to Sasuke…
 I'm going to swear on the pain of my left hand!
 I'll protect you, old man… with this Kunai knife!!
 The mission continues!!
 Naruto…
 It's all well and good to rid yourself of the poisoned blood,
 but any more than that and you'll bleed to death.
 Things will get hairy if you don't stop the bleeding quick... Seriously!
 Yikes!
 Argh! No! No!
 I can't die like this, I say!
 Show me your hand.
 Nooo! Help me!!
 Naruto!
 You're really self-abusive, aren't you!
 That's masochistic!
 The wound is…
 already starting to heal…
 Um…um…
 Am I okay? You look awfully serious…
 Well…You should be okay.
 Is it…the power of the Nine-Tailed Fox…?
 Did you say you failed?!
 I paid a lot of money to hire you guys
 because you said you were once hot-shot Ninjas!
 Stop your darned grumbling…!!
 Next time, I'll kill him with this… head chopper!
 I-It's really okay, right?!
 It seems that the enemy has hired good Ninjas…
 On top of that, a tightened guard on account of the Demon Brothers' failure
 means that it won't be easy…
 Just who do you think I am?!
 This Zabuza Momochi, who is called the demon of…
 the Hidden Mist!!
 We've finally landed ashore in the Land of the Waves.
 The guys before were all well and good,
 but there should be even stronger guys lying in wait.
 Okay! I'm going to regain my honor and continue the mission.
 No matter what enemy comes,
 I'll protect the old man this time around for sure.
 Oh, they wasted no time.
 An impressive-looking guy with a huge Katana has come.
 Next episode:  ""The Assassin of the Mist!""
 I'm going to kick butt once again!
","[set(), set(), {'Sasuke'}, set(), {'Naruto'}, set(), {'Naruto'}, set(), set(), set(), set(), set(), set(), set(), set(), set(), set(), set(), set(), set(), set(), {'Tora'}, set(), set(), set(), set(), set(), set(), {'Tora'}, set(), {'Shijimi', 'Daimyo', 'Tora'}, set(), {'Kakashi'}, set(), set(), set(), set(), set(), set(), set(), set(), set(), set(), set(), {'Naruto'}, set(), set(), set(), {'Jonin', 'Chunin', 'Genin'}, set(), set(), set(), set(), set(), set(), set(), set(), {'Humph'}, set(), set(), set(), set(), set(), set(), set(), set(), set(), set(), set(), set(), set(), set(), set(), set(), set(), set(), set(), set(), set(), set(), {'Tazuna'}, set(), set(), set(), set(), set(), set(), set(), set(), set(), set(), set(), set(), set(), {'Ninjas'}, set(), {'Hokage'}, {'Naruto'}, set(), set(), set(), set(), set(), set(), set(), set(), set(), set(), set(), {'Tazuna'}, set(), set(), set(), {'Kakashi'}, set(), set(), set(), set(), set(), set(), set(), set(), {'Kage'}, set(), {'Hokage'}, set(), set(), set(), set(), {'Hokage'}, set(), set(), set(), set(), set(), set(), set(), set(), {'K-Kakashi'}, set(), set(), set(), set(), set(), set(), set(), set(), set(), {'Kakashi'}, set(), {'Humph'}, set(), set(), {'Naruto', 'Kakashi'}, {'Sasuke'}, {'Sakura'}, {'Sasuke'}, set(), set(), {'Sasuke'}, {'Naruto'}, set(), set(), set(), set(), set(), set(), {'Tazuna'}, set(), {'Chunin'}, set(), set(), set(), set(), set(), set(), {'Ninjas'}, set(), set(), set(), set(), set(), {'Naruto'}, set(), set(), {'Naruto'}, set(), set(), set(), set(), {'Naruto'}, set(), set(), {'Sasuke'}, {'Kunai'}, set(), {'Naruto'}, set(), set(), set(), set(), set(), set(), set(), set(), set(), set(), {'Naruto'}, set(), set(), set(), set(), set(), set(), set(), set(), set(), set(), {'Ninjas'}, {'This'}, set(), set(), set(), set(), set(), set(), set(), set(), set()]"
7,"C'mon!
 Running like a fugitive,
 Being chased by something
 Inside my heart is pounding
 My throat dry like it's withering
 For no single one,
 To none does belong,
 This time is ours, right now...
 Unraveling the pain,
 Unraveling our hearts,
 Unraveling shadows
 Stifling our breath,
 Reaching for beyond,
 Tearing through the dark
 In fighting and in love
 To the distant light above,
 Yes, we are on the way
 I wanna rock...
 Rockin' my heart
 This is quite some fog. I can't see ahead.
 The bridge should be visible soon.
 When we reach the side of the bridge, we'll be in the Land of the Waves.
 Wooow! 					 It's huge!
 H-Hey! 					Please keep it down.
 I took this boat out under cover of fog.
 And I cut the engine and am rowing by hand.
 If they find us, we'll be in deep trouble.
 Mr. Tazuna.
 I want to ask you something before we arrive at the pier.
 The identity of your assailants, and the reason why they are after you.
 If you don't tell us…
 our mission may end when you make landfall.
 The Assassin of the Mist
 It appears I have no choice but to tell you.
 Frankly, I'd like you to listen.
 Just as you said,
 this may be beyond the scope of your mission.
 Actually, I am being targeted by a terrifying man.
 A terrifying man?
 Who?
 You guys have probably heard at  least his name before.
 A shipping magnate by the name of Gato.
 What? Gato…of the Gato Company?
 One of the world's richest men?
 Who? What?
 Yes…
 On the surface, he's the chief executive of a shipping company…
 But underneath, he is into drug-trafficking
 and deals in contraband using gangs and Ninjas.
 Moreover, he runs a despicable business,
 ruthlessly taking over nations and enterprises.
 It was about one year ago…
 when that man first set his eyes on the Land of the Waves…
 He used his wealth and violence to enter this country,
 and before anyone knew it,
 he had taken complete control of the island's maritime transportation and shipping.
 Having a tight grip on the ocean, in an island nation like the Land of the Waves,
 means having control of finance, the government, the people... everything.
 The one thing Gato fears...
 is the completion of the bridge...
 that has been under construction for some time now.
 I see.
 Since you're the one building the bridge, you've become a hindrance.
 Then, those Ninjas from before were Gato's men…?
 But I don't understand.
 Your opponent is a dangerous one,  who will even use Ninja.
 Why did you hide that fact from us when you made your request?
 The Land of the Waves…
 is a very poor nation, and even feudal lords have no money.
 Of course, we ordinary citizens have no money either.
 We cannot afford to make requests of Rank B or higher...
 Well, if you pull out of the mission when I land ashore,
 I will, no doubt, be killed.
 Killed sometime before I make it home.
 But there's no need for concern!
 Should I die, my cute grandchild who will turn eight...
 will only cry his heart out!
 Oh!
 And... my daughter will only blame the Hidden Leaves Ninja
 for the rest of her life and grieve in solitude!
 Oh, it's not your fault at all!
 Well...
 I guess we have no choice.
 Let's continue as his bodyguards.
 Oh! I am most grateful!
 I won!
 We'll be arriving soon.
 Tazuna.
 It appears we haven't been noticed up until this point…
 Thanks.
 This is as far as I go.
 See you around.
 Yeah. You've been a big help.
 Be careful.
 Okay!
 Get me home safely.
 Right.
 When they next attack, it won't be Chunin, but elite level Jonin.
 Cripes!
 I won't let this guy do all the fun stuff anymore!
 There!
 Heh… Just a mouse.
 Quit trying to show off!
 There was nothing there  in the first place!
 Please, Naruto.
 Don't use Kunai Knives recklessly.
 They're really dangerous.
 Hey brat! Don't be doing anything confusing!
 Huh? I sense a presence there!
 No, over here?!
 There!
 Stop it, already!
 S-Someone's really been targeting us  the whole time!
 Yeah right!
 Knock it off, you!
 Naruto! What have you done?!
 It's a bunny!
 I'm sorry.
 I didn't mean to… I'm sorry, bunny.
 It's just a rabbit, eh.
 That's a snow rabbit.
 But that doesn't explain its fur color...
 The coat turns white only during winter when there is little sunlight.
 Which means...
 that snow rabbit was raised indoors without sunlight to be used as a substitution.
 Guess they're already here…
 I'm sorry…
 I see… The Demon Brothers wouldn't be enough to take on these guys.
 The Copy Ninja from the Village of the Hidden Leaves.
 ""Sharingan"" Kakashi is with them…
 Everyone, get down!
 If I'm not mistaken, he's…
 Here we go!
 Here we go, here we go, here we go!
 I'm going to do it this time.
 I won't lose to Sasuke!
 Well, well.
 If it isn't the Rogue Ninja of the Hidden Mist, Zabuza Momochi!
 Rogue Ninja? Whatever. What's important now is…
 Ready…
 Go!
 You're in the way.
 Get back, you guys.
 Why?!
 He's on a totally different level from the guys from the other day.
 His being our opponent means…
 Huh?
 Oh.
 that things might be tricky as I am now.
 I assume you are Kakashi, the Sharingan user…
 Sorry, but…
 I'll have you hand over the old man.
 Huh? Huh? Sharingan? What's that?
 What? What is he talking about?
 Is this guy strong?
 Sharingan…
 Get in Manji battle formation, you guys.
 Protect Tazuna…
 Don't involve yourselves in the fight.
 Huh?
 That's the teamwork in this situation.
 Huh?!
 Fight me.
 W-What's this eye…?
 Well now...
 I never expected to see the rumored Sharingan this soon…
 This is an honor.
 Everyone's been saying Sharingan...
 What is it?!
 …Sharingan.
 Power that the light of the eye generates, and the pupil emanates.
 The user of the so-called Visual Jutsu (Art)
 is said to possess the vision to see through all Genjutsu (Illusionary Art),
 Taijutsu (Physical Art), and Ninjutsu (Ninja Art),
 and is able to deflect them.
 The Sharingan is a type of eye that is unique
 to the user of the Visual Art.
 However, that is not the only power of the Sharingan.
 Well said.
 That is not all.
 What's more frightening is that such an eye
 can assess an opponent's techniques and copy them.
 When I was in the Anbu Black Ops of the Hidden Mist,
 search information about you was in the Bingo Book
 I would carry around with me.
 There was also something else in the book...
 About the man who has copied over one thousand skills…
 Kakashi the Copy Ninja.
 What? Kakashi Sensei is that incredible a Ninja?
 W-Wow!
 What does this mean?
 The Sharingan…is a special trait
 that appears in only a select few even among the Uchiha clan.
 Could it be, that this guy…
 Let's end the talking here.
 I must kill that old man immediately.
 But, Kakashi, it seems I have to defeat you first.
 Over there!
 And he's even on the water?
 He's building up quite a bit of Chakra!
 Ninja Art, Hidden Mist Jutsu.
 He's vanished?!
 Sensei!
 He'll probably come to erase me first…
 What is he?
 Zabuza Momochi.
 He's a Anbu Black Ops member in the Hidden Mist and
 is known as ""the silent killing"" technique expert.
 S-Silen...?
 As the name suggests…
 it's a killing skill that's implemented in an instant in silence.
 By the time you realize it,
 it's possible you may find yourself in the afterlife.
 I haven't totally mastered the use of my Sharingan.
 So don't lower your guard, you guys.
 Well, if we fail, we'll only die.
 How can you be so carefree?!
 The mist is steadily getting thicker!
 The Land of the Waves is surrounded by ocean.
 So mist rises very easily.
 Sensei!
 Eight spots.
 Huh? What?
 The larynx, the spine, the lungs, the liver...
 The jugular and the subclavian veins.
 The kidneys, the heart.
 Now then, which vulnerable spot would be good?
 What an intense thirst for blood!
 If I take even one breath, or move my eyes,
 I will be marked and killed - that's what I'm feeling.
 If I'm stuck like this for an hour, I'll go mad!
 Facing a Jonin's intent to kill…
 This sensation is like having my life being held in limbo…
 No way! I'd rather die to escape this feeling!
 Sasuke.
 Don't worry. I'll protect you with my life.
 I will not allow my comrades to get killed.
 I wonder about that...
 It's over.
 Sensei! 					Behind you!
 Die!
 The Water Clone Jutsu?
 It can't be!
 In this mist…
 did he actually copy me?
 Don't move.
 It's over.
 O-Oh no!
 Even Kakashi Sensei fell under Zabuza's Jutsu.
 I've got to escape.
 I'll get killed, for real.
 This pain.
 What am I doing?!
 I'd decided, hadn't I? Not to run away no matter what happens.
 Next episode:  ""The Oath of Pain!""
 I'm going to kick butt once again!
","[set(), set(), set(), set(), set(), set(), set(), set(), set(), set(), set(), set(), set(), {'Tazuna'}, set(), set(), set(), {'The'}, set(), set(), set(), set(), set(), set(), {'Gato'}, set(), {'Gato'}, set(), set(), set(), set(), set(), set(), set(), {'Gato'}, set(), set(), {'Gato'}, set(), {'Ninja'}, set(), set(), set(), set(), set(), set(), set(), set(), set(), set(), set(), set(), set(), set(), set(), set(), set(), set(), set(), set(), set(), set(), set(), set(), set(), set(), set(), {'Jonin', 'Chunin'}, set(), set(), set(), set(), set(), set(), {'Naruto'}, set(), set(), set(), set(), set(), set(), set(), set(), set(), set(), set(), set(), {'Naruto'}, set(), set(), set(), set(), set(), set(), set(), set(), set(), set(), {'The'}, set(), set(), set(), set(), {'Sasuke'}, set(), {'the', 'Zabuza'}, set(), set(), set(), set(), set(), set(), set(), set(), set(), set(), {'Kakashi'}, set(), set(), set(), set(), set(), set(), set(), set(), set(), set(), set(), set(), set(), set(), set(), set(), set(), set(), set(), set(), set(), set(), set(), set(), set(), set(), {'Kakashi'}, set(), {'Kakashi'}, set(), set(), set(), set(), set(), {'Kakashi'}, set(), set(), set(), set(), set(), {'Sensei'}, set(), {'Zabuza'}, set(), {'S-Silen'}, set(), set(), set(), set(), set(), set(), set(), set(), set(), {'Sensei'}, set(), set(), set(), set(), set(), set(), set(), set(), set(), set(), set(), set(), {'Sasuke'}, set(), set(), set(), set(), set(), {'Sensei'}, set(), set(), set(), set(), set(), set(), set(), set(), {'Zabuza', 'Kakashi'}, set(), set(), set(), set(), set(), set(), set(), set()]"
8,"C'mon!
 Running like a fugitive,
 Being chased by something
 Inside my heart is pounding
 My throat dry like it's withering
 For no single one,
 To none does belong,
 This time is ours, right now...
 Unraveling the pain,
 Unraveling our hearts,
 Unraveling shadows
 Stifling our breath,
 Reaching for beyond,
 Tearing through the dark
 In fighting and in love
 To the distant light above,
 Yes, we are on the way
 I wanna rock...
 Rockin' my heart
 Such intensity...
 If I take a breath or move my eyes I will be marked and killed –
 that's what I'm feeling..
 If I'm stuck like this for an hour, I'll go mad.
 Facing a Jonin intent to kill…
 This sensation is like having my life held in limbo...
 No way! I'd rather die to escape this feeling!
 Sasuke...
 Don't worry. I'll protect you all with my life.
 I absolutely won't allow my comrades to get killed.
 I don't know about that...
 It's over.
 Sensei! Behind you!!
 Die!!
 The Water Clone Jutsu...?
 It can't be.
 Don't move!
 The Oath of Pain
 It's over.
 W-Wow!!
 Did you say it's over?
 You don't understand, do you?
 You won't be able to beat me just by making like a monkey…
 No chance.
 But, I must say you're good.
 My Water Clone Jutsu was being copied at that point…
 I absolutely won't allow my comrades to get killed.
 By letting the clone talk as if it were you, you succeeded in distracting me.
 And you used Hidden Mist Jutsu to hide yourself to see what I was doing…
 But…
 I'm not a fool.
 That one was a fake too!
 Now!
 Makibishi spikes…!
 How foolish...!
 Sensei!
 Oh, I can't believe that Kakashi Sensei got …
 kicked away like that….
 His Taijutsu skills are also extremely good.
 W-What's with this water...? lt's awfully heavy.
 Humph... Fool!
 It's the Water Prison Jutsu!
 Darn it.
 My temporary escape into the water…
 was a huge mistake!
 You're caught…
 It's a special prison that makes it impossible for you to escape!
 It makes things harder having you able to act.
 Now…Kakashi.
 I'll have to settle things with you later.
 First, I will finish those guys off.
 Water Clone Jutsu…
 Didn't expect this level of skill…
 You're acting big, wearing a headband like a Ninja…
 But…a real Ninja is one
 who has hovered between life and death numerous times.
 In other words,
 only those who are worth being listed in my Bingo Book
 deserve to be called Ninja.
 Guys like you can't be called real Ninja.
 He's disappeared again!
 You're just a kid!
 Naruto!
 You three! Take Tazuna and run!
 You have no chance against this guy!
 As long as he has me trapped in this Water Prison,
 he won't be able to move from here.
 And he shouldn't be able to use the Water Clone Jutsu
 if he's far enough away from his real body.
 In any case, just run for now!
 Run away?
 You've got to be kidding me.
 That option was gone from the moment you got caught.
 Even if we ran,
 without you, sooner or later we'd be defeated by Zabuza…
 and we'd all be destroyed.
 Even if we were to reform the Manji defense,
 it would be impossible to block his attacks.
 In the end…
 we'll have...
 no options left.
 In order for us to survive, our only option is to rescue you.
 We'll just have to do it!
 There…!
 Too easy.
 Sasuke!
 Sasuke…
 T-This is the Jonin level… A real Ninja…
 We've got to run… At this rate…
 Seriously…! Seriously…!
 We'll be killed!!
 I'm going to swear on the pain of my left hand!
 I'll never get into another situation from which I'll have to be rescued…
 I'll never be afraid or be a coward.
 Are you hurt…scaredy cat?
 I won't lose to Sasuke.
 Can I borrow that Leaf headband for a while?
 This?
 This is worn only by those who have graduated from Ninja Academy.
 Naruto, come over here. I'd like to give you something.
 Congratulations on your graduation.
 That's because you're all squirts
 who don't have the qualifications to become Ninjas.
 Missions are all risky assignments.
 You pass!
 I'm not that little prankster that you think I am!
 I'm going to surpass the Hokage!
 And so I'm going to get the entire Village
 to acknowledge my existence!
 That's right…
 I am a Ninja now. And...
 I decided that I was not going to run anymore!
 That I wouldn't run away…!
 Y-You fool! Stop it!
 Oh, Naruto! What are you thinking?!
 Humph! Fool...
 What are you thinking… charging off on your own?!
 Even Sasuke is no match for him…
 No matter how hard we try, we Genin are no match for him…
 Huh...?!
 The headband….?!
 Hey! You, with no brows...
 Record in your Bingo Book…
 about the man who will one day become the Leaf Village's Hokage.
 Leaf-style Ninja…
 Naruto Uzumaki!!
 Naruto…
 When I first saw that little kid, he seemed so unreliable…
 Sasuke! Lend me your ear!
 What is it?
 I have a plan.
 You want to discuss plans under these circumstances…?
 This guy...!
 Humph! You are talking of teamwork?
 W-What is this feeling…?
 Was Naruto so…?
 Now...
 Let's get wild…
 Now, let's get wild!
 Such loud snorting, but do you have a winning plan?
 T-This isn't good…
 What are you guys doing! I told you to run!
 It was obvious what was going to happen once I was caught!
 Hurry! Run!
 Listen to me! Our mission is to protect Tazuna!
 Have you forgotten that?!
 Old man….
 Well...
 This is a seed that I planted…
 I can't say that I want my life to be spared.
 Sorry, you guys…
 Fight as much as you want!
 You hear that?
 Are you ready?
 You guys really haven't learned anything, have you?
 W-What?!
 You're still playing at being Ninja?
 When I was your age,
 this hand was already stained red with blood!
 Zabuza, the Demon!
 Ohh…? It seems that you've heard of me.
 A long time ago, in the Mist Village, often called the town of Blood Mist,
 Ninja candidates faced their biggest hurdle.
 So you also know about that graduation exam…
 That graduation exam?
 What is it...?
 This graduation exam that you're talking about...
 The students killed each other.
 What….?
 Classmates who had shared rice from the same pot
 formed pairs and tried to kill each other.
 It didn't end until one of them died.
 Partners who used to talk about each other's dreams and aspirations…
 How cruel…
 Ten years ago,
 the Mist Village's graduation exam was forced to undergo drastic reform.
 That was because an evil demon had appeared on the scene the previous year.
 Reform?
 What about the reform?
 What had that evil demon done?
 With no scruples or hesitation…
 a young boy who didn't even have the qualifications for being a Ninja,
 annihilated over a hundred examinees.
 That sure was…fun…
 Sasuke!
 Die!
 Darn!
 Shadow Clone Jutsu!
 Ah... Shadow Clone Jutsu, and there are quite a few of them.
 Here I go!
 It's impossible, after all…
 There is no way that you can defeat the guy!
 There is only one way left to defeat this guy!
 Sasuke!
 I see!
 So that's your plan, Naruto!
 That's pretty good for you!
 Demon Wind Shuriken,
 Windmill of Shadows…
 A Shuriken won't work on me.
 I see. This time it's aiming for my real body…
 But...
 It's not so easy!
 A Shuriken in the Shuriken's shadow...!
 This is... The Shadow Shuriken Jutsu!
 A second Shuriken in his blind spot!
 But...
 Still too naïve...
 He dodged it!!
 Here it is!
 Yes! The plan worked!!
 That Zabuza had no clue as to what I was thinking,
 and I fooled him!
 Ninja must be able to see through the obvious.
 Did you see that – the Leaf-style fighting of Naruto Uzumaki?!
 Kakashi Sensei, the rest is up to you.
 Next episode:  ""Kakashi, Sharingan Warrior!""
 I'm going to kick butt once again!
","[set(), set(), set(), set(), set(), set(), set(), {'Sasuke'}, set(), set(), set(), set(), {'Sensei'}, set(), set(), set(), set(), set(), {'The'}, set(), set(), set(), set(), set(), set(), set(), set(), set(), set(), set(), set(), {'Sensei'}, {'Kakashi'}, set(), set(), set(), {'Humph'}, set(), set(), set(), set(), set(), {'Kakashi'}, set(), set(), set(), {'Ninja'}, set(), set(), set(), {'Naruto'}, set(), {'Tazuna'}, set(), set(), set(), set(), set(), set(), set(), {'Zabuza'}, set(), set(), set(), set(), set(), set(), {'Sasuke'}, {'Jonin', 'Ninja', 'Sasuke'}, set(), set(), set(), set(), set(), {'Sasuke'}, set(), set(), set(), {'Naruto'}, set(), set(), set(), set(), set(), set(), {'Hokage'}, set(), set(), set(), set(), set(), set(), set(), {'Naruto'}, set(), {'Humph'}, set(), {'Sasuke'}, set(), set(), set(), {'Naruto'}, {'Sasuke', 'Naruto'}, set(), set(), set(), set(), set(), {'Humph'}, set(), set(), {'Naruto'}, set(), set(), set(), set(), set(), set(), set(), set(), set(), set(), set(), set(), set(), set(), set(), set(), set(), set(), {'Ninja'}, set(), {'Zabuza'}, set(), set(), set(), set(), set(), set(), set(), set(), set(), set(), set(), set(), set(), set(), set(), set(), {'Sasuke'}, set(), set(), set(), set(), set(), set(), set(), set(), {'Sasuke'}, set(), {'Naruto'}, set(), set(), set(), set(), set(), set(), set(), set(), set(), set(), set(), set(), set(), set(), set(), {'Zabuza'}, {'Ninja'}, {'Naruto'}, {'Kakashi'}, set(), set()]"
9,"C'mon!
 Running like a fugitive,
 Being chased by something
 Inside my heart is pounding
 My throat dry like it's withering
 For no single one,
 To none does belong,
 This time is ours, right now...
 Unraveling the pain,
 Unraveling our hearts,
 Unraveling shadows
 Stifling our breath,
 Reaching for beyond,
 Tearing through the dark
 In fighting and in love
 To the distant light above,
 Yes, we are on the way
 I wanna rock...
 Rockin' my heart
 Die.
 Darn!
 Shadow Clone Jutsu!
 Hmm... Shadow Clone Jutsu. And there are quite a few of them.
 Here I go!
 It's impossible, after all...
 There is no way that you can beat a guy!
 There is only one way left to defeat this guy.
 Sasuke!
 I see!
 So that's your plan, Naruto!
 That's pretty good for you!
 Demon Wind Shuriken,
 Windmill of Shadows...
 A Shuriken won't work on me.
 I see.
 This time it's aiming for my real body…
 But...
 It's not so easy!
 A Shuriken in the Shuriken's shadow!
 This is...
 The Shadow Shuriken Jutsu!
 A second Shuriken in his blind spot!
 But...
 Still too naïve.
 He dodged it!
 Here it is!
 Kakashi: Sharingan Warrior!
 You little brat!
 Kakashi Sensei!
 Naruto...
 Your strategy was outstanding.
 You've grown up… Both of you.
 The purpose of the Shadow Clones was not to take down Zabuza,
 but to hide my transformation into Demon Wind Shuriken!
 I left one clone behind, then transformed into Demon Wind Shuriken.
 Then a clone threw the real me, who had transformed into Demon Wind Shuriken,
 towards Sasuke!
 Sasuke!
 When Sasuke got me,
 he must have realized right away who I was.
 Then he took out his own Shuriken...
 And that's the Shadow Shuriken Jutsu!
 Demon Wind Shuriken…
 Windmill of Shadows!
 Hidden in the shadow of the real Shuriken, I aimed for Zabuza.
 Of course I didn't think  I would defeat Zabuza!
 But I thought I'd destroy the Water Prison.
 And as a bonus I defeated his water clone, too…
 It was a huge success!
 That was a fluke…
 It was a fluke, huh!
 Still, they performed oustandingly in tandem…
 in this desperate situation.
 Despite the fact…
 that those two always fight like cats and dogs.
 Hmph…
 I got distracted and broke my Water Prison Jutsu…
 That's not it!
 You didn't break the Jutsu…
 They forced you to break it.
 I'll tell you now, the same Jutsu won't work on me twice.
 So what will you do?
 Sakura! 					Stay alert.
 Sharingan!
 Ushi, saru, u. Ne, inoshishi, tori, ushi.
 Uma, tori, ne, tora. lnu, tora, mi, ushi, hitsuji.
 Mi, inoshishi, hitsuji ne...
 Ushi, saru, u. Ne, inoshishi, tori, ushi.
 Uma, tori, ne, tora. lnu, tora, mi, ushi, hitsuji.
 Mi, inoshishi, hitsuji ne.
 Jin, saru, tori, tatsu. Tori, ushi , uma, hitsuji.
 Tora, mi, ne, saru. U, inoshishi, tatsu, hitsuji.
 – Ne, ushi, saru, tori. Jin, ne, inoshishi. – Jin, saru, tori, tatsu. Tori, ushi, uma, hitsuji.
 Tora, mi, ne, saru. U, inoshishi, tatsu, hitsuji.
 Ne, ushi, saru, tori. Jin, ne, inoshishi.
 Tori!
 Water Style! Water Dragon Jutsu!
 He copied that chant in seconds...
 and so perfectly…!
 W-What is this?
 Is it Ninjutsu!
 Strange…
 What is going on…?
 Jin, saru, tori, tatsu. Tori, ushi, uma, hitsuji.
 Tora, mi, ne, saru. U, inoshishi, tatsu, hitsuji.
 The Sharingan is the ability to memorize  and copy the enemy's Jutsu...
 But...
 Tori!
 Water Style! Water Dragon Jutsu!
 The Jutsu was set in motion at the same time!
 By any chance, is this guy…
 This guy…!
 The same identical movement!
 Furthermore, at exactly the same time!
 What's going on, Sasuke!
 This guy…
 My movements…!
 He's perfectly…
 Reading them.
 What?
 He's reading my mind?!
 Blast him! He's...
 giving me that barren, evil eye… right?
 Hah! You're just copying… You're a pale imitation.
 – You won't be able to beat me! – You won't be able to beat me!
 – You! 					– You!
 I'll shut that copycat monkey-mouth permamently!
 W-What's that!
 Me?
 R-Ridiculous!
 Is that his Genjutsu (Illusion Jutsu)?
 Water Style! Giant Vortex Jutsu!
 W-Wha--!
 No way!
 I was just about to set forth that Jutsu...
 I can't keep up with…
 his Jutsu!
 It's over…
 Why...?
 Are you able to see into the future…?
 Yeah…
 You're going to die!
 You were right. He died.
 He's definitely dead.
 I thank you.
 I have been waiting for the chance to kill Zabuza.
 By the looks of that mask...
 You're a Tracker Ninja from the Village Hidden in the Mist.
 Impressive. You're very knowledgeable.
 Tracker Ninja?
 You don't know what a Tracker Ninja is?
 We learned it at the Academy, didn't we?
 Tracker Ninja pursue…
 guys like Zabuza who turn against the village where they were born and raised.
 And when they break away from the village,
 Tracker Ninja go after these Rogue Ninja and assassinate them….
 in order to avoid having the secrets of the village being leaked.
 That's common knowledge!
 You should study more!
 That's right.
 I'm a member of Hidden Mist Village's Tracking Unit
 whose mission is to hunt Rogue Ninja.
 From his height and voice, he's not all that different from Naruto…
 A Tracker Ninja… ?
 He's not just an ordinary kid…
 What are you?!
 Hey you!
 Don't worry, Naruto. He's not an enemy.
 That's not what I'm asking!
 I…!
 I mean...!
 That Zabuza… That Zabuza was killed!
 That guy who was so strong…
 He was killed so easily... by a kid who's no different from me!
 We're…
 We're pathetic!
 I can't accept that!
 Well!
 I understand your disbelief.
 But… this, too, is reality.
 In this world, there are kids who are younger than you…
 and stronger than me.
 Your battle is over for now.
 I must get rid of this corpse…
 because it contains many secrets.
 Now then, please excuse me.
 He's disappeared!
 He's not here anymore.
 What was all this for?!
 What are we anyway?!
 Naruto…
 Darn it! Darn it! Darn it! DARN it!
 Things like this happen when you're a Ninja.
 If you're frustrated, apply it next time!
 Our mission hasn't ended yet.
 We must take Mr.Tazuna home.
 So sorry, everyone!
 You can rest at my house!
 Okay!
 Let's perk up and go!
 W-What!
 What happened!
 Kakashi Sensei!
 Kakashi Sensei!
 What'll we do?!
 Kakashi Sensei has collapsed!
 Gato's henchmen are probably gonna come and attack us again!
 Guess it means we've gotta fight by ourselves.
 Who knows if this training will make us stronger but,
 it's getting interesting!
 I'll definitely get stronger.
 Next time:  ""The Forest of Chakra.""
 I'm going to kick butt once again!
","[set(), set(), set(), set(), set(), set(), set(), set(), set(), set(), set(), set(), {'Sasuke'}, set(), {'Naruto'}, set(), set(), set(), set(), set(), set(), set(), set(), set(), set(), set(), set(), set(), {'Kakashi'}, set(), {'Kakashi'}, {'Naruto'}, set(), set(), {'Zabuza'}, set(), {'Sasuke'}, {'Sasuke'}, {'Sasuke'}, set(), set(), {'Shuriken'}, {'Zabuza'}, set(), set(), set(), set(), set(), set(), set(), set(), set(), {'Sakura'}, set(), {'Sharingan'}, {'Ne', 'Ushi'}, {'Uma'}, set(), {'Mi'}, {'Uma'}, set(), set(), {'Jin'}, {'uma', 'hitsuji', 'Tori', 'ushi'}, {'Tora'}, set(), {'Ne', 'saru', 'ushi'}, {'Jin'}, {'Jin', 'saru'}, {'hitsuji', 'Tori'}, {'Tora'}, set(), {'saru', 'ushi'}, {'Jin'}, {'Tori'}, set(), set(), set(), set(), set(), set(), {'Jin'}, {'hitsuji', 'Tori'}, {'Tora'}, set(), set(), {'Tori'}, set(), set(), set(), set(), set(), set(), {'Sasuke'}, set(), set(), set(), set(), set(), set(), set(), set(), set(), set(), set(), set(), set(), set(), set(), set(), set(), set(), set(), set(), set(), {'Jutsu'}, set(), set(), set(), set(), set(), set(), set(), set(), {'Zabuza'}, set(), set(), set(), set(), set(), set(), {'Zabuza'}, {'Tracker'}, set(), set(), set(), set(), {'Rogue'}, set(), set(), set(), {'Naruto'}, set(), set(), set(), set(), {'Zabuza'}, set(), set(), set(), set(), set(), set(), set(), set(), set(), set(), set(), set(), set(), set(), {'Naruto'}, set(), set(), set(), set(), set(), set(), {'Tazuna'}, set(), set(), set(), set(), set(), set(), {'Kakashi'}, {'Kakashi'}, set(), {'Kakashi'}, {'Gato'}, set(), set(), set(), set(), set()]"
12,"C'mon!
 Running like a fugitive,
 Being chased by something
 Inside my heart is pounding
 My throat dry like it's withering
 For no single one,
 To none does belong,
 This time is ours, right now...
 Unraveling the pain,
 Unraveling our hearts,
 Unraveling shadows
 Stifling our breath,
 Reaching for beyond,
 Tearing through the dark
 In fighting and in love
 To the distant light above,
 Yes, we are on the way
 I wanna rock...
 Rockin' my heart
 What's with you?!
 Battle on the Bridge! Zabuza Returns!
 Good morning!
 Here.
 Thank you.
 Naruto didn't come back last night, either?
 He's such a fool,
 he's been out every night, climbing trees.
 He might be dead already from using up too much Chakra.
 I wonder if Naruto's okay.
 To think a child's out in the middle of the night.
 Well, you don't need to worry.
 Although he may not seem to be, he's a full-fledged Ninja.
 I wonder…
 That idiot's probably all pooped out right about now.
 Sasuke?
 I'm going for a walk.
 But we're about to eat…
 That was fast!
 You'll catch a cold if you keep sleeping here.
 Who're you?
 Uh... Did you wake me up, sis? I mean, what're you doing here?
 I'm gathering medicinal herbs.
 Herbs?
 Yes. For healing injuries, sickness and the like.
 You got a lot to do early in the morning, sis...
 You, too.
 What've you been doing in a place like this so early?
 Training!
 Could it be that… you're a Ninja or something?
 What with that headband and…
 Is that what I look like? Is it?
 Yup! I'm a Ninja!
 No kidding. You're great, aren't you.
 But…why are you training?
 As for me, I want to get stronger!
 But, you already look strong enough.
 No, no! I want to get even stronger!
 What for?
 To become the best Ninja in my village!
 I'm going to get everyone to recognize my strength!
 And I have to prove something to a certain person!
 Is that for the sake of somebody? Or is it for your own sake?
 Huh?
 What's so funny?!
 Do you have somebody precious in your life?
 Precious…?
 What is it you want to say, sis?
 What is it?
 When a person has something precious they want to protect…
 that's when they can truly become strong.
 Your dad loves the town you're from, so…
 I absolutely won't allow my comrades to get killed!
 Get your hands off Iruka Sensei!
 I'll kill you!!
 Yeah! I know that well, too!
 You'll get strong.
 Yeah!
 I hope we meet again somewhere.
 Oh…and…
 I'm a man!
 That can't be! He's cuter than Sakura.
 Why? That's strange.
 This world is full of mystery…
 Ouch. Hey! What're you doing?!
 Did you forget about mealtime, you idiot?
 Naruto?
 What in the world is Naruto doing?
 And Sasuke hasn't come back from his walk either…
 No way… Naruto can climb that high now?
 Wow!
 How 'bout that, how 'bout that?!
 As for me, I can climb this high now!
 Whoa!
 Oh, you idiot!
 This is bad!
 Gotcha!
 You fell for it, you fell for it!
 Don't scare us like that!
 I'll kill him later! Cha!
 He's grown a little, eh.
 Oh! You idiot, Naruto!
 It's cuz you went overboard!
 You fool.
 Sasuke…?
 Nice, Sasuke. You're awesome !
 These kids are really growing.
 Naruto…
 Uzumaki, eh.
 You've recovered considerably.
 All right…
 Just a little more, Haku.
 Yes.
 Shall we go back?
 Okay!
 They're late.
 And not just Naruto, but even Sasuke too.
 What happened to you guys?
 You're really muddy and really wiped out.
 We both…climbed up to the top.
 Good.
 Naruto, Sasuke, you'll also start guarding Tazuna next time!
 Got it! Whoa!
 You idiot!
 In just a teeny little bit, the bridge will be complete.
 It's thanks to you guys.
 Even so, don't let your guard down…
 I've really wanted to ask  you for a long time now…
 But why are you still here even though I lied about the mission?
 To see what is right without doing it bespeaks an absence of courage.
 Like master, like man.
 It's a teaching of the late Hokage.
 The things I truly hold dear to myself…
 I'll protect until the very end with both these arms.
 Don't cry…lnari.
 Why…?
 What is it?
 Why do you desperately work so hard until you get like that?!
 There's no way you'd be a match for Gato's men even if you train!
 No matter what cool things you say or how much effort you make…
 the weak always lose out…
 against the truly strong!
 Shut up. I'm not like you.
 Shut up! Looking at you makes me sick!
 Sticking your nose in even though you know nothing of this land!
 I'm not like you who's always acting frivolous
 not knowing one thing about pain!
 So you're just gonna cry all day like the lead in a tragedy?
 An idiot like you can just cry forever! You crybaby!
 Naruto! That's a bit harsh!
 Naruto…
 Got a minute?
 Naruto didn't mean any harm with what he said…
 He's just uncouth, so…
 We heard the story about your father from Tazuna.
 Like you, Naruto never had a father as a young child…
 Actually he doesn't know either of his parents.
 Not only that. He didn't have a single friend.
 What?
 However…
 I've never seen him sulk, be timid, or cry.
 He's always eager, wanting to be acknowledged by someone.
 If it's for the sake of that ""dream,"" he always risks his life.
 He's probably tired of crying.
 So, he knows the true meaning of the word strong.
 Like your father.
 Naruto might understand your feelings the most.
 What Naruto said earlier…
 There's no mistaking that he's told himself that over and over again.
 Okay, then! I leave Naruto in your hands.
 Because he's used his body to the limit…
 I don't think he'll be able to move today.
 Mr. Kakashi, are you feeling all right?
 Yes, somehow.
 We'll be going!
 What're you doing?
 I didn't hire you guys for charity work…
 Hey, are you listening, Zabuza?! Hey!!
 Shall we go…Haku?
 Yes.
 I overslept!
 Hey hey!! Where is everyone?
 Naruto. Your Sensei wanted you to rest and relax…today
 I knew it.
 They left me behind.
 I'll be back.
 Darn it! They could've woken me up!
 W-What the heck is this?!
 What is going on? What's happened?
 It couldn't be…
 Inari! Give me a hand.
 Inari!?
 I'll be right there.
 This mist…
 Sasuke! Sakura! They're coming!
 I knew he was still alive.
 Making an appearance so soon, eh…
 Say, Kakashi Sensei.
 This is his…Hidden Mist Jutsu, right?!
 Sorry to have kept you waiting, Kakashi.
 I see you've got those brats with you as always.
 He's still trembling. Poor thing.
 I'm trembling with…excitement.
 Do it, Sasuke.
 I can see it!
 Well-well. So he could see the Water Clones, eh.
 That brat's grown quite a bit.
 This means a rival has emerged, Haku.
 So it seems.
 Phew, that was a close shave.
 Sorry I was late. But Inari, you were great.
 I was able to save your mom thanks to your courage.
 Hey, wait a minute.
 Doesn't the fact that we were attacked mean
 that Kakashi Sensei and the others are in danger too?!
 Next episode:  ""Haku's Secret Jutsu: Crystal Ice Mirrors""
 I'm going to kick butt once again!
","[set(), set(), set(), set(), {'Zabuza'}, set(), set(), set(), {'Naruto'}, set(), set(), {'Naruto'}, set(), set(), set(), set(), {'Sasuke'}, set(), set(), set(), set(), set(), set(), set(), set(), set(), set(), set(), set(), set(), set(), set(), set(), set(), set(), set(), set(), set(), set(), set(), set(), set(), set(), set(), set(), set(), set(), set(), set(), set(), set(), set(), set(), set(), set(), set(), {'Iruka'}, set(), set(), set(), set(), set(), set(), set(), set(), {'Sakura'}, set(), set(), set(), set(), set(), set(), {'Naruto'}, {'Naruto'}, {'Sasuke', 'Naruto'}, set(), set(), set(), set(), set(), set(), set(), set(), set(), set(), set(), set(), set(), {'Naruto'}, set(), set(), {'Sasuke'}, {'Sasuke'}, set(), set(), {'Uzumaki', 'Naruto'}, set(), {'Haku'}, set(), set(), set(), set(), {'Sasuke', 'Naruto'}, set(), set(), set(), set(), {'Tazuna', 'Sasuke', 'Naruto'}, set(), set(), set(), set(), set(), set(), set(), set(), {'Hokage'}, set(), {'lnari'}, set(), set(), set(), {'Gato'}, set(), set(), set(), set(), set(), set(), set(), set(), set(), set(), {'Naruto'}, set(), {'Naruto'}, {'Naruto'}, {'Naruto'}, set(), set(), set(), set(), set(), set(), set(), set(), set(), {'Naruto'}, {'Naruto'}, set(), {'Naruto'}, set(), {'Kakashi'}, set(), set(), set(), {'Zabuza'}, set(), set(), set(), set(), set(), set(), set(), set(), set(), set(), set(), set(), set(), set(), set(), set(), set(), {'Inari'}, set(), {'Sasuke'}, {'Sakura'}, set(), set(), {'Kakashi'}, set(), {'Kakashi'}, set(), set(), set(), set(), {'Sasuke'}, set(), set(), set(), set(), {'Haku'}, set(), set(), set(), {'Inari'}, set(), set(), {'Kakashi'}, set()]"
